mbid,composition,is_metal,spg_num,crys_sys
mb-mp-is-metal-001882,Na1 Sb1 S2,False,123,tetragonal
mb-mp-is-metal-009241,Ca2 Co9 O13,True,12,monoclinic
mb-mp-is-metal-069325,Sb8 S12,False,31,orthorhombic
mb-mp-is-metal-092582,Ti4 Fe8,True,194,hexagonal
mb-mp-is-metal-102525,Eu4 Se4 Cl4 O12,True,62,orthorhombic
mb-mp-is-metal-081766,Na2 Te1,False,225,cubic
mb-mp-is-metal-043243,Al2 Ni4,True,164,trigonal
mb-mp-is-metal-084444,Zn4 Mo2 Se2 O14,False,4,monoclinic
mb-mp-is-metal-082782,Ga2 Cu2 S4,False,122,tetragonal
mb-mp-is-metal-102111,Lu2 Ge4,True,63,orthorhombic
mb-mp-is-metal-012661,Ho2 Ni2 Ge2,True,12,monoclinic
mb-mp-is-metal-094320,Zr2 Ni8 P4,True,136,tetragonal
mb-mp-is-metal-035893,Te2 W2 Cl18,True,2,triclinic
mb-mp-is-metal-090855,Pr1 Cd1,True,221,cubic
mb-mp-is-metal-004459,Na2 I2,False,141,tetragonal
mb-mp-is-metal-100264,Pd8 S8,True,84,tetragonal
mb-mp-is-metal-062017,Mo8 N4 Cl32,True,13,monoclinic
mb-mp-is-metal-095845,Gd6 Al4 Ni12,True,229,cubic
mb-mp-is-metal-073437,Na12 Mo4 O16 F4,False,62,orthorhombic
mb-mp-is-metal-080158,Ti2 Mn1 Fe1,True,225,cubic
mb-mp-is-metal-105730,Li1 Pm2 Ir1,True,225,cubic
mb-mp-is-metal-098468,Nd1 Ni1 C2,True,38,orthorhombic
mb-mp-is-metal-093847,Eu6 B2 W2 O18,True,173,hexagonal
mb-mp-is-metal-041907,Ru6 Cl18,True,151,trigonal
mb-mp-is-metal-095126,Li2 La1 Tl1,True,225,cubic
mb-mp-is-metal-044204,Cs1 Mg149,True,187,hexagonal
mb-mp-is-metal-098044,Al2 Cu2 Se4,False,122,tetragonal
mb-mp-is-metal-050883,Rb2 Cr1 F6,True,225,cubic
mb-mp-is-metal-004972,Cu2 P2 O8 F2,True,2,triclinic
mb-mp-is-metal-091783,Gd4 Ni4 O12,True,62,orthorhombic
mb-mp-is-metal-073299,Eu6 In4 P8,True,58,orthorhombic
mb-mp-is-metal-017306,Ho2 Bi4 O12,True,31,orthorhombic
mb-mp-is-metal-021938,Li6 Fe2 Ni6 O16,True,186,hexagonal
mb-mp-is-metal-051299,Eu2 Ga4 S8,False,66,orthorhombic
mb-mp-is-metal-086134,Dy2 Co2 Si4,True,63,orthorhombic
mb-mp-is-metal-061900,Na8 Cu5 O10,True,8,monoclinic
mb-mp-is-metal-104662,Zn8 As16,False,14,monoclinic
mb-mp-is-metal-020408,Pr1 O1,True,225,cubic
mb-mp-is-metal-077424,Cs4 Sb4 S8 O32,False,19,orthorhombic
mb-mp-is-metal-086541,Nb4 Si4 Ir4,True,62,orthorhombic
mb-mp-is-metal-100288,Ce1 Al3 Ni2,True,191,hexagonal
mb-mp-is-metal-104559,Rb28 Mg9 In51,True,6,monoclinic
mb-mp-is-metal-081778,Li1 Al2 Rh1,True,225,cubic
mb-mp-is-metal-080606,Cs32 Bi8 As24 Se56,False,14,monoclinic
mb-mp-is-metal-019426,Ti1 Pd1,True,221,cubic
mb-mp-is-metal-028748,U4 Al2 Co6,True,194,hexagonal
mb-mp-is-metal-081094,Ti1 Ga1 Ir2,True,225,cubic
mb-mp-is-metal-027605,Tm2 Cu6 Te6,False,148,trigonal
mb-mp-is-metal-086610,Bi2 Cl2 O2,False,129,tetragonal
mb-mp-is-metal-084186,Hf4 Si4 Pt4,True,62,orthorhombic
mb-mp-is-metal-064604,Ga2 S3,False,44,orthorhombic
mb-mp-is-metal-073388,Cs4 P4 Pb4 O16,False,62,orthorhombic
mb-mp-is-metal-098826,Li1 Al1 Ge1,False,216,cubic
mb-mp-is-metal-098641,K12 Cr8 P12 S48,False,14,monoclinic
mb-mp-is-metal-094024,Tm1 Ge2 Ru2,True,139,tetragonal
mb-mp-is-metal-089995,Dy1 Rh1,True,221,cubic
mb-mp-is-metal-102336,Rb4 Te2 I12,False,128,tetragonal
mb-mp-is-metal-058953,Pr2 Cu2 S2 O2,False,129,tetragonal
mb-mp-is-metal-088600,Ce2 Zn2 P2 O2,True,166,trigonal
mb-mp-is-metal-105571,Th1 Fe2 Si2,True,139,tetragonal
mb-mp-is-metal-004258,Te1 As1,True,225,cubic
mb-mp-is-metal-104074,La1 P2 Ru2,True,139,tetragonal
mb-mp-is-metal-049973,B8 O12,False,36,orthorhombic
mb-mp-is-metal-059360,Li2 F2,False,186,hexagonal
mb-mp-is-metal-003870,Nb3 In1,True,65,orthorhombic
mb-mp-is-metal-046048,Th1 U8 O18,True,2,triclinic
mb-mp-is-metal-000955,Tl10 Te6,True,82,tetragonal
mb-mp-is-metal-076510,Gd16 Ga4 Sb4 S36,False,41,orthorhombic
mb-mp-is-metal-088534,Hf5 Te4,True,87,tetragonal
mb-mp-is-metal-021633,Sb1 Pb1 Br1 O2,False,107,tetragonal
mb-mp-is-metal-055178,Al1 B2,True,191,hexagonal
mb-mp-is-metal-005978,Yb1 Tl1 Se2,True,166,trigonal
mb-mp-is-metal-068670,Rb2 Te1 Br6,False,225,cubic
mb-mp-is-metal-033762,In8 Co4,True,70,orthorhombic
mb-mp-is-metal-063194,Tb1 Y1 Hg2,True,225,cubic
mb-mp-is-metal-090644,La1 Pt5,True,191,hexagonal
mb-mp-is-metal-092243,Th2 P2 Se2,True,129,tetragonal
mb-mp-is-metal-045827,Cs2 Cr1 Cl4,True,139,tetragonal
mb-mp-is-metal-081197,Tm1 As1,True,225,cubic
mb-mp-is-metal-085843,Ni2 O2,False,225,cubic
mb-mp-is-metal-098483,Sr2 In4 Rh2,True,63,orthorhombic
mb-mp-is-metal-090721,P4 Os2,False,58,orthorhombic
mb-mp-is-metal-032799,Nd1 Ni2 Sn2,True,139,tetragonal
mb-mp-is-metal-069781,Sr4 Zr4 S12,False,62,orthorhombic
mb-mp-is-metal-086627,Sb4 Se4 I4,False,62,orthorhombic
mb-mp-is-metal-080999,Pm1 Sb1 Rh2,True,225,cubic
mb-mp-is-metal-049174,Li1 Pr2 Ru1,True,225,cubic
mb-mp-is-metal-103464,Ho1 Si2 Ru2,True,139,tetragonal
mb-mp-is-metal-095953,Te4 Pd6 Pb4,True,59,orthorhombic
mb-mp-is-metal-098924,Ba8 Yb2 Cu6 O18,True,223,cubic
mb-mp-is-metal-100709,P16 Se16,False,14,monoclinic
mb-mp-is-metal-001088,Eu1 Mn2 Ge2,True,139,tetragonal
mb-mp-is-metal-050340,K6 Bi4 I18,False,15,monoclinic
mb-mp-is-metal-067426,Cs4 Cd6 B32 O56,False,15,monoclinic
mb-mp-is-metal-099487,Sc4 Fe2 B4 Ir10,True,127,tetragonal
mb-mp-is-metal-095603,Ba2 La4 Te10 O28,False,15,monoclinic
mb-mp-is-metal-084855,Cs6 V4 Cl18,True,194,hexagonal
mb-mp-is-metal-099276,K8 Cd12 Te16,False,62,orthorhombic
mb-mp-is-metal-053767,Al40 V4,True,227,cubic
mb-mp-is-metal-083788,U2 Co21 B6,True,225,cubic
mb-mp-is-metal-078300,Dy8 Te12,False,70,orthorhombic
mb-mp-is-metal-093270,Dy4 Ni4 Sn4,True,62,orthorhombic
mb-mp-is-metal-094951,Yb6 U3 O17,True,5,monoclinic
mb-mp-is-metal-084578,Sm1 S1,True,225,cubic
mb-mp-is-metal-067607,In1 Cu1 Ge1 Se4,False,82,tetragonal
mb-mp-is-metal-027219,Er8 C12,True,220,cubic
mb-mp-is-metal-087919,Ho3 Al1 C1,True,221,cubic
mb-mp-is-metal-020773,Zn3 In2 S6,True,156,trigonal
mb-mp-is-metal-086839,Ca16 Ge8 N16,True,135,tetragonal
mb-mp-is-metal-104221,Ca4 Os4 O14,True,74,orthorhombic
mb-mp-is-metal-034905,Ce8 Fe2 Se12 O2,True,186,hexagonal
mb-mp-is-metal-065276,Zn2 Cu4 Ge2 S8,False,31,orthorhombic
mb-mp-is-metal-094394,Li1 Eu1 H3,True,221,cubic
mb-mp-is-metal-081055,Li2 Dy1 In1,True,225,cubic
mb-mp-is-metal-085129,Ba1 B6,True,221,cubic
mb-mp-is-metal-087914,Hf4 As8,True,62,orthorhombic
mb-mp-is-metal-103707,Ba12 Gd8 P16 S64,False,60,orthorhombic
mb-mp-is-metal-037781,In4 Se4,False,12,monoclinic
mb-mp-is-metal-099471,Yb2 Rh4,True,227,cubic
mb-mp-is-metal-097206,Er1 Te1,True,225,cubic
mb-mp-is-metal-083172,Er1 Ni4 Au1,True,216,cubic
mb-mp-is-metal-024757,Ti1 Br2,True,164,trigonal
mb-mp-is-metal-043307,Eu4 Sn2 Se10,True,55,orthorhombic
mb-mp-is-metal-025745,Tm4 Mn4 Ge4,True,62,orthorhombic
mb-mp-is-metal-085912,Hg2 P2 S6,False,2,triclinic
mb-mp-is-metal-055128,Li8 Ti16 Cu1 S32,True,1,triclinic
mb-mp-is-metal-083125,Yb2 Zn1 Pb1,True,225,cubic
mb-mp-is-metal-084545,Sn1 Pb4 Se5,False,166,trigonal
mb-mp-is-metal-048622,Y16 U4 S20 O12,True,31,orthorhombic
mb-mp-is-metal-017217,Tm2 Cu1 Tc1,True,225,cubic
mb-mp-is-metal-085738,Sm3 Al1 N1,True,221,cubic
mb-mp-is-metal-028499,Zn18 S18,False,160,trigonal
mb-mp-is-metal-100949,Tb1 Al8 Fe4,True,139,tetragonal
mb-mp-is-metal-083746,Li4 Ca8 Ge12,True,58,orthorhombic
mb-mp-is-metal-094399,Rb8 Cu8 Sn8 S24,False,15,monoclinic
mb-mp-is-metal-086382,K2 Ru2 O8,True,88,tetragonal
mb-mp-is-metal-099909,Na16 In8,True,20,orthorhombic
mb-mp-is-metal-080893,Hf1 Al1 Pd2,True,225,cubic
mb-mp-is-metal-103574,B12 As2,False,166,trigonal
mb-mp-is-metal-069257,Li2 Cd2 B2 O6,False,2,triclinic
mb-mp-is-metal-090046,Si12 P12,False,36,orthorhombic
mb-mp-is-metal-096115,Ho1 N1,False,225,cubic
mb-mp-is-metal-079318,Na2 Nb2 Se4 O14,False,36,orthorhombic
mb-mp-is-metal-080965,Li1 Ga1 Au2,True,225,cubic
mb-mp-is-metal-051767,Zr6 Al2 Ni1,True,189,hexagonal
mb-mp-is-metal-090955,Eu1 Bi3,True,221,cubic
mb-mp-is-metal-003263,Pb1 S1,False,187,hexagonal
mb-mp-is-metal-085201,Cd1 Cu2 Sn1 S4,True,121,tetragonal
mb-mp-is-metal-055189,Lu2 In1 Hg1,True,225,cubic
mb-mp-is-metal-081857,Li1 Be1 Pt2,True,225,cubic
mb-mp-is-metal-061516,Cs2 Yb2 Mn2 Se6,True,63,orthorhombic
mb-mp-is-metal-023247,Ce2 Lu6,True,194,hexagonal
mb-mp-is-metal-083004,Yb1 La1 Zn2,True,225,cubic
mb-mp-is-metal-047188,Li10 Bi8 O24,True,2,triclinic
mb-mp-is-metal-005965,Mg2 F4,False,12,monoclinic
mb-mp-is-metal-090761,Sc1 Ni1 Sb1,False,216,cubic
mb-mp-is-metal-001231,Mg4 Cr2 N4,True,12,monoclinic
mb-mp-is-metal-049760,Ce2 Os4,True,227,cubic
mb-mp-is-metal-090093,Zr2 W4,True,227,cubic
mb-mp-is-metal-097328,Cd2 Sn2 P4,False,122,tetragonal
mb-mp-is-metal-012701,Ce1 Pd5,True,191,hexagonal
mb-mp-is-metal-047820,Sm4 Sb8,True,64,orthorhombic
mb-mp-is-metal-084780,Er3 Tl3 Pd3,True,189,hexagonal
mb-mp-is-metal-031737,Fe12 As5,True,155,trigonal
mb-mp-is-metal-004985,Na2 As2 Se4,False,141,tetragonal
mb-mp-is-metal-028205,La2 Al24 O38,True,186,hexagonal
mb-mp-is-metal-064256,P4 Ru4 S4,False,14,monoclinic
mb-mp-is-metal-081806,Ca12 Ag32 N2,True,229,cubic
mb-mp-is-metal-072180,Ba2 Ga4 Se8,False,66,orthorhombic
mb-mp-is-metal-067171,Sm2 Cu2 Se2 O2,False,129,tetragonal
mb-mp-is-metal-060636,Li2 Tl1 Ag1,True,216,cubic
mb-mp-is-metal-063400,La16 Zn8 Se16 O16,False,64,orthorhombic
mb-mp-is-metal-037701,In2 Sb1 As1,True,160,trigonal
mb-mp-is-metal-013041,K6 Li2 Nb12 O30,True,7,monoclinic
mb-mp-is-metal-058903,Mo20 O56,True,14,monoclinic
mb-mp-is-metal-063803,Zn2 Se2,False,186,hexagonal
mb-mp-is-metal-095262,Ca18 B12 N24,False,58,orthorhombic
mb-mp-is-metal-059996,K8 In12 Ag4 Se24,False,15,monoclinic
mb-mp-is-metal-097744,Ge4 Pb4 S12,False,14,monoclinic
mb-mp-is-metal-054805,Ca2 Pr4 S8,False,122,tetragonal
mb-mp-is-metal-037008,Na2 Ni4 O6,True,12,monoclinic
mb-mp-is-metal-012763,Y2 N2,False,194,hexagonal
mb-mp-is-metal-043212,Ho1 Al1 Au2,True,225,cubic
mb-mp-is-metal-011497,Li3 Co3 Sb1 O8,False,12,monoclinic
mb-mp-is-metal-015167,Sr2 Y1 Re1 O6,True,225,cubic
mb-mp-is-metal-071597,Tb16 Ga4 Sb4 S36,False,41,orthorhombic
mb-mp-is-metal-027716,Ba4 Nd2 Ga2 S10,False,69,orthorhombic
mb-mp-is-metal-088893,Nb6 V2 S12,True,182,hexagonal
mb-mp-is-metal-037286,Mn1 Ga1 Ni2,True,123,tetragonal
mb-mp-is-metal-090738,Ca22 Bi20,True,139,tetragonal
mb-mp-is-metal-058163,Ce1 Mg1 Ag2,True,225,cubic
mb-mp-is-metal-066366,K4 Cu8 Sb4 S12,False,2,triclinic
mb-mp-is-metal-060177,Tm2 Zn1 Ag1,True,225,cubic
mb-mp-is-metal-066191,Li2 Pm1 Ge1,True,225,cubic
mb-mp-is-metal-009404,La1 Ga1 O3,False,221,cubic
mb-mp-is-metal-011190,Li4 Fe2 Cu3 O10,True,2,triclinic
mb-mp-is-metal-088105,U1 Al8 Fe4,True,139,tetragonal
mb-mp-is-metal-029844,K8 Ge16 Se32,True,14,monoclinic
mb-mp-is-metal-032694,Ge2 S2,False,63,orthorhombic
mb-mp-is-metal-031216,Na12 Fe2 S8,True,186,hexagonal
mb-mp-is-metal-057174,Pm1 Cd3,True,225,cubic
mb-mp-is-metal-070922,Zn16 Ag10,True,217,cubic
mb-mp-is-metal-102410,Ca4 Ga4 Ge4,True,194,hexagonal
mb-mp-is-metal-036756,Sr2 Co1 Re1 O6,True,87,tetragonal
mb-mp-is-metal-055177,Ce2 Al2 Si4,True,164,trigonal
mb-mp-is-metal-067883,K6 P6 Se18,False,152,trigonal
mb-mp-is-metal-101046,Na4 Zr4 Cu4 Te12,True,62,orthorhombic
mb-mp-is-metal-076153,Cd2 Si2 As4,False,122,tetragonal
mb-mp-is-metal-000263,W2 C1,True,164,trigonal
mb-mp-is-metal-061817,Ga18 Rh4,True,7,monoclinic
mb-mp-is-metal-089775,Mn4 Si4,True,198,cubic
mb-mp-is-metal-086376,Y2 Co4,True,227,cubic
mb-mp-is-metal-096171,Sr2 Ga4 Au4,True,129,tetragonal
mb-mp-is-metal-095512,Yb4 I12 O36,True,14,monoclinic
mb-mp-is-metal-009835,Li17 Ti20 O40,True,10,monoclinic
mb-mp-is-metal-087390,Gd3 In3 Ir3,True,189,hexagonal
mb-mp-is-metal-072499,Cs8 Cu16 As8 S24,False,61,orthorhombic
mb-mp-is-metal-043167,Ta4 N5,True,87,tetragonal
mb-mp-is-metal-024740,Zr10 Al6,True,193,hexagonal
mb-mp-is-metal-060004,Bi36 Rh36 O123,True,156,trigonal
mb-mp-is-metal-102394,Dy2 Zr2 Sb2,True,139,tetragonal
mb-mp-is-metal-090700,Dy1 Ag1,True,221,cubic
mb-mp-is-metal-090710,Tb1 In1 Ag2,True,225,cubic
mb-mp-is-metal-066193,Ba2 Tl6,True,194,hexagonal
mb-mp-is-metal-064361,Rb2 H4 I6 O18,False,1,triclinic
mb-mp-is-metal-077539,Rb4 Nb12 Te8 O48,False,57,orthorhombic
mb-mp-is-metal-070216,Ga2 Cu2 O4,False,194,hexagonal
mb-mp-is-metal-005262,Tm1 B1 Pd3,True,221,cubic
mb-mp-is-metal-047879,Ho20 Si16,True,62,orthorhombic
mb-mp-is-metal-091180,Er2 Mg3 Ru1,True,123,tetragonal
mb-mp-is-metal-084583,Ce1 Mg1 Ni4,True,216,cubic
mb-mp-is-metal-033836,Tm4 Ru4 O14,True,227,cubic
mb-mp-is-metal-088839,Ce2 Si4 Ni2,True,63,orthorhombic
mb-mp-is-metal-059255,Nd2 Ag2 As4,True,129,tetragonal
mb-mp-is-metal-089190,P8 Ir4,False,14,monoclinic
mb-mp-is-metal-025202,Eu1 Sn1 O3,True,221,cubic
mb-mp-is-metal-056333,Y1 Ti2 Ga4,True,139,tetragonal
mb-mp-is-metal-100242,Ag16 Sn2 Se12,False,31,orthorhombic
mb-mp-is-metal-099983,Y4 As1 Se3,True,139,tetragonal
mb-mp-is-metal-048939,Ce8 Ge6 S24,True,161,trigonal
mb-mp-is-metal-075582,Hf8 Hg32 P16 Cl48,False,61,orthorhombic
mb-mp-is-metal-026703,Rb1 Br1,False,221,cubic
mb-mp-is-metal-094319,Tb2 Ni8 P4,True,136,tetragonal
mb-mp-is-metal-086435,Tl8 Te4 S12,False,62,orthorhombic
mb-mp-is-metal-088968,Al42 Pt16,True,88,tetragonal
mb-mp-is-metal-031261,Lu1 U2 S3 O2,True,139,tetragonal
mb-mp-is-metal-059166,Mg4 Cu2,True,72,orthorhombic
mb-mp-is-metal-082796,Li1 In1 Ag2,True,225,cubic
mb-mp-is-metal-081769,Sc1 N1,True,225,cubic
mb-mp-is-metal-056187,Ti2 Re1 Ru1,True,225,cubic
mb-mp-is-metal-053197,Sm2 Al1 Cd1,True,225,cubic
mb-mp-is-metal-093371,Ba6 Er2 Ru4 O18,True,194,hexagonal
mb-mp-is-metal-074802,Mn2 Sb4 Se8,False,12,monoclinic
mb-mp-is-metal-099785,La3 Re2 O10,True,12,monoclinic
mb-mp-is-metal-004185,Sm3 Zr1,True,139,tetragonal
mb-mp-is-metal-083644,La1 H2,True,225,cubic
mb-mp-is-metal-090014,As8 Pt4,False,205,cubic
mb-mp-is-metal-000085,Th4 O8,False,62,orthorhombic
mb-mp-is-metal-007890,Cs2 Yb2 Co2 Se6,True,63,orthorhombic
mb-mp-is-metal-014077,Cr3 Ni1 P6 O24,True,146,trigonal
mb-mp-is-metal-082683,Li1 Ge1 Rh2,True,225,cubic
mb-mp-is-metal-101735,Rb8 Cd12 Te16,False,15,monoclinic
mb-mp-is-metal-094305,Tl2 Ga2 Te4,False,140,tetragonal
mb-mp-is-metal-010790,Pb12 N72,False,33,orthorhombic
mb-mp-is-metal-089805,Ca2 B4 Ir4,True,70,orthorhombic
mb-mp-is-metal-100836,Ba2 Zn10,True,63,orthorhombic
mb-mp-is-metal-094009,Cs1 As2 Ru2,True,139,tetragonal
mb-mp-is-metal-056799,Rb3 Sb2 Br9,False,164,trigonal
mb-mp-is-metal-097722,Sm3 In3 Au3,True,189,hexagonal
mb-mp-is-metal-036896,Li17 Nb20 O60,True,1,triclinic
mb-mp-is-metal-096980,U4 Cu4 As6 O2,True,129,tetragonal
mb-mp-is-metal-065346,Th4 Fe14,True,166,trigonal
mb-mp-is-metal-052964,Y8 Cu2 Te16,True,7,monoclinic
mb-mp-is-metal-102256,K4 Ag8,True,194,hexagonal
mb-mp-is-metal-058948,Na6 In15 Au18,True,200,cubic
mb-mp-is-metal-053174,Hf4 Fe8,True,194,hexagonal
mb-mp-is-metal-098867,Cs4 Na2 Co2 F12,True,166,trigonal
mb-mp-is-metal-103966,Hf1 Zn1 Ni2,True,225,cubic
mb-mp-is-metal-088390,Sc1 Hg1,True,221,cubic
mb-mp-is-metal-030719,Sm2 Cr2 Ge6,True,194,hexagonal
mb-mp-is-metal-049908,Pr5 In11 Ni6,True,65,orthorhombic
mb-mp-is-metal-003257,Tl1 Ag1 Te2,True,119,tetragonal
mb-mp-is-metal-061159,Ag1 Au3,True,221,cubic
mb-mp-is-metal-104466,La12 Lu4 Se24,False,58,orthorhombic
mb-mp-is-metal-102286,Sm1 As1,True,225,cubic
mb-mp-is-metal-056758,Rb4 Cu4 Sn2 S8,False,72,orthorhombic
mb-mp-is-metal-044893,Y4 Mo4 O16 F4,False,14,monoclinic
mb-mp-is-metal-054733,Ba2 Te2 Mo4 O18,False,4,monoclinic
mb-mp-is-metal-089199,Mg1 Sb1 Pt1,True,216,cubic
mb-mp-is-metal-092300,Sc4 Al6 Ru2,True,194,hexagonal
mb-mp-is-metal-050472,Rb2 Nb8 Br22,False,51,orthorhombic
mb-mp-is-metal-007200,Li5 Co2 O2 F5,True,139,tetragonal
mb-mp-is-metal-063435,La12 Ga12 S36,False,33,orthorhombic
mb-mp-is-metal-090686,Sc3 Pb1 C1,True,221,cubic
mb-mp-is-metal-074382,In4 As4 Cl4 O10,False,2,triclinic
mb-mp-is-metal-072458,Cs6 Zn12 B18 O42,False,36,orthorhombic
mb-mp-is-metal-063365,Ba4 Dy2 In2 Te10,False,36,orthorhombic
mb-mp-is-metal-057763,Ca3 Cu2 Cl2 O4,True,139,tetragonal
mb-mp-is-metal-051846,La16 S24,False,122,tetragonal
mb-mp-is-metal-077098,Ce2 Mn1 Se2 O2,True,115,tetragonal
mb-mp-is-metal-089607,Cs1 V1 P2 S7,True,5,monoclinic
mb-mp-is-metal-034244,Hf5 Pb1,True,123,tetragonal
mb-mp-is-metal-090280,Sr1 N2,True,139,tetragonal
mb-mp-is-metal-097591,Cd4 Hg24 As16 Br24,False,205,cubic
mb-mp-is-metal-080323,Na2 Ge6 P6,False,26,orthorhombic
mb-mp-is-metal-080236,P4 Os4 S4,False,14,monoclinic
mb-mp-is-metal-085220,Ba2 Th1 Cu2 Se5,False,12,monoclinic
mb-mp-is-metal-100214,Cs4 Hg12 S14,False,102,tetragonal
mb-mp-is-metal-008843,Li2 Zn1 Ge1,True,225,cubic
mb-mp-is-metal-061811,Nd3 Ni13 B2,True,191,hexagonal
mb-mp-is-metal-079522,Nb4 Pb4 Se8 O30,False,15,monoclinic
mb-mp-is-metal-070056,Mn3 Pt1 N1,True,221,cubic
mb-mp-is-metal-097385,Ba2 Zn2 S2 O2,False,63,orthorhombic
mb-mp-is-metal-102389,Ga2 Hg1 Se4,False,82,tetragonal
mb-mp-is-metal-015781,Ca1 Mn2 As2,True,164,trigonal
mb-mp-is-metal-051770,Sm2 Fe17,True,166,trigonal
mb-mp-is-metal-082730,Gd1 B6,True,221,cubic
mb-mp-is-metal-085471,Ba2 Ta1 In1 O6,False,225,cubic
mb-mp-is-metal-088284,Cs2 Y2 Hg2 Se6,False,63,orthorhombic
mb-mp-is-metal-089707,Hf2 B8 Ir6,True,176,hexagonal
mb-mp-is-metal-085823,Zr1 B2,True,191,hexagonal
mb-mp-is-metal-081843,Li1 Pm2 Ga1,True,225,cubic
mb-mp-is-metal-100155,K1 Ag2 P1 S4,False,121,tetragonal
mb-mp-is-metal-053185,Nd1 Au3,True,225,cubic
mb-mp-is-metal-094733,Tm1 Si2 Os2,True,139,tetragonal
mb-mp-is-metal-091251,Ce1 B2 Ir3,True,191,hexagonal
mb-mp-is-metal-084863,Na12 In8 Au4,True,227,cubic
mb-mp-is-metal-002448,Mg2 Co4 P4 O20,False,70,orthorhombic
mb-mp-is-metal-085977,Eu1 Te1,True,225,cubic
mb-mp-is-metal-105621,Te2 Pd1,True,164,trigonal
mb-mp-is-metal-062437,Er20 Bi12,True,62,orthorhombic
mb-mp-is-metal-018721,Er16 Se24,False,122,tetragonal
mb-mp-is-metal-070423,Tb4 Mo6 O24,False,113,tetragonal
mb-mp-is-metal-027869,Ga2 Ni1 S4,True,164,trigonal
mb-mp-is-metal-104651,Cs2 Er2 Zn2 Se6,False,63,orthorhombic
mb-mp-is-metal-000722,Bi16 Se24,False,137,tetragonal
mb-mp-is-metal-059182,Sm1 Sn1 Rh2,True,225,cubic
mb-mp-is-metal-019764,Zr1 Rh1,True,221,cubic
mb-mp-is-metal-060402,Na8 Te4 Se12,False,14,monoclinic
mb-mp-is-metal-050651,Li2 Ga2 Ge4 Se12,False,9,monoclinic
mb-mp-is-metal-087906,Ba10 Bi6,True,193,hexagonal
mb-mp-is-metal-041783,Eu2 Cu1 O4,True,139,tetragonal
mb-mp-is-metal-101827,Ho2 Ni4 B4,True,15,monoclinic
mb-mp-is-metal-056014,Yb2 In8 Ni2,True,4,monoclinic
mb-mp-is-metal-090780,Ho1 Si2 Pd2,True,139,tetragonal
mb-mp-is-metal-064404,Ba8 In4 Ag4 S16,False,14,monoclinic
mb-mp-is-metal-056861,Nd2 Cu2 S2 O2,False,129,tetragonal
mb-mp-is-metal-010116,Al2 Co2 O6,False,2,triclinic
mb-mp-is-metal-003175,Co6 O6 F6,True,31,orthorhombic
mb-mp-is-metal-100878,Sm2 Au6,True,59,orthorhombic
mb-mp-is-metal-094288,Ce16 Se24,True,122,tetragonal
mb-mp-is-metal-063430,Rb4 Cd6 B32 O56,False,15,monoclinic
mb-mp-is-metal-023757,Bi2 Pd3 S2,True,166,trigonal
mb-mp-is-metal-105722,Ba12 Ga24 S48,False,205,cubic
mb-mp-is-metal-102266,Dy1 N1,False,225,cubic
mb-mp-is-metal-028941,Li6 Ni5 O10,True,2,triclinic
mb-mp-is-metal-040732,Eu8 Re4 O20,True,85,tetragonal
mb-mp-is-metal-022203,Tm2 Mg1 Ru1,True,225,cubic
mb-mp-is-metal-035713,Nd2 Cr2 Ge6,True,194,hexagonal
mb-mp-is-metal-088711,Mg4 Si2 Pt2,True,194,hexagonal
mb-mp-is-metal-103066,Hf8 Co8 Si14,True,139,tetragonal
mb-mp-is-metal-073424,Sn12 Ir8 Se12,False,148,trigonal
mb-mp-is-metal-086777,B12 P2,False,166,trigonal
mb-mp-is-metal-068339,Cu6 Hg4 Te12 O32,False,90,tetragonal
mb-mp-is-metal-065635,Ca2 Tl1 Cd1,True,123,tetragonal
mb-mp-is-metal-064717,Cr28 C12,True,62,orthorhombic
mb-mp-is-metal-062432,Ba12 V8 Se16 O64,False,14,monoclinic
mb-mp-is-metal-022613,Sr1 Ta1 N1 O2,False,25,orthorhombic
mb-mp-is-metal-038794,Rb3 Sb1,False,225,cubic
mb-mp-is-metal-007907,Nb6 Bi2,True,223,cubic
mb-mp-is-metal-047700,Ga3 Ag3 Ge3 S12,False,1,triclinic
mb-mp-is-metal-081227,Fe4 As4 Se4,False,14,monoclinic
mb-mp-is-metal-025872,Tb4 Pt4,True,221,cubic
mb-mp-is-metal-097208,K1 Ag1 F3,True,221,cubic
mb-mp-is-metal-082366,Eu6 S8,True,220,cubic
mb-mp-is-metal-031833,Mn4 F8,False,111,tetragonal
mb-mp-is-metal-083396,K4 Sb4 S8 O32,False,14,monoclinic
mb-mp-is-metal-037343,P4 Os4 Se4,False,14,monoclinic
mb-mp-is-metal-104528,Sr4 Ho2 Ru2 O12,True,14,monoclinic
mb-mp-is-metal-068254,Ba4 Gd2 Ga2 Te10,False,2,triclinic
mb-mp-is-metal-047477,Ag2 P30,False,2,triclinic
mb-mp-is-metal-083887,Er4 Al36 Fe16 Si24,True,137,tetragonal
mb-mp-is-metal-080708,K4 Ti2 Cu4 S8,False,132,tetragonal
mb-mp-is-metal-090177,Ce3 Al1 C1,True,221,cubic
mb-mp-is-metal-078308,K3 B6 Cl1 O10,False,160,trigonal
mb-mp-is-metal-082176,Pr1 As1,True,225,cubic
mb-mp-is-metal-006859,Cu3 As1 S4,True,6,monoclinic
mb-mp-is-metal-052155,Hf1 Co3 B2,True,191,hexagonal
mb-mp-is-metal-096920,Th2 Fe4 Si2 C2,True,63,orthorhombic
mb-mp-is-metal-097663,Pr16 Mg4 Ru4,True,216,cubic
mb-mp-is-metal-094295,Nd16 Se24,False,122,tetragonal
mb-mp-is-metal-089175,Hf3 Ni4 Ge4,True,71,orthorhombic
mb-mp-is-metal-070443,Rb8 Mo10 P4 O44,False,20,orthorhombic
mb-mp-is-metal-074539,K8 In8 P12 Se40,False,14,monoclinic
mb-mp-is-metal-089131,Cs3 Bi1,False,225,cubic
mb-mp-is-metal-081046,Tb1 Yb1 Hg2,True,225,cubic
mb-mp-is-metal-050561,Y2 Cu6 Se6,False,148,trigonal
mb-mp-is-metal-088025,Pr4 Ag4 As8,True,62,orthorhombic
mb-mp-is-metal-031735,Ce2 Al2 Co15,True,166,trigonal
mb-mp-is-metal-031114,Ti1 Cr3 P6 O24,True,146,trigonal
mb-mp-is-metal-084579,Li1 Tl1 Pd2,True,139,tetragonal
mb-mp-is-metal-103735,Eu1 Ni2 As2,True,139,tetragonal
mb-mp-is-metal-083615,Pr4 In2 Pd4,True,127,tetragonal
mb-mp-is-metal-105457,Rb4 Ti2 Cu4 S8,False,132,tetragonal
mb-mp-is-metal-038596,Tl1 Sb1 Se2,False,38,orthorhombic
mb-mp-is-metal-034933,Li2 Cu6 F14,True,15,monoclinic
mb-mp-is-metal-085979,La2 Zn2 As2 O2,False,129,tetragonal
mb-mp-is-metal-082703,K2 Te1,False,225,cubic
mb-mp-is-metal-096865,Na40 Ga24 Sn12,True,136,tetragonal
mb-mp-is-metal-043863,Ca4 Ir4 O12,True,62,orthorhombic
mb-mp-is-metal-095525,B8 Se8 O28,False,19,orthorhombic
mb-mp-is-metal-014160,Mn3 Cr3 Co2 O16,True,8,monoclinic
mb-mp-is-metal-067595,La8 Mn4 Se8 O8,False,9,monoclinic
mb-mp-is-metal-004890,Na1 Bi1 S2,False,123,tetragonal
mb-mp-is-metal-082669,Ho1 Cd1 Cu4,True,216,cubic
mb-mp-is-metal-081898,Pm1 Mg1 Rh2,True,225,cubic
mb-mp-is-metal-000537,Ti4 Cu2 S8,True,43,orthorhombic
mb-mp-is-metal-101354,Y6 Ga2 Co6,True,63,orthorhombic
mb-mp-is-metal-057484,Ag4 Mo2 I8 O28,False,15,monoclinic
mb-mp-is-metal-072597,La4 V4 I20 O64,False,14,monoclinic
mb-mp-is-metal-091708,Cd1 Ga2 S4,False,82,tetragonal
mb-mp-is-metal-025655,Re1 Ir3,True,166,trigonal
mb-mp-is-metal-104381,Mg12 Ru8,True,213,cubic
mb-mp-is-metal-041834,Mg1 Ti4 S8,True,166,trigonal
mb-mp-is-metal-013786,Sc14 Cu14 O37,True,8,monoclinic
mb-mp-is-metal-064433,Cs16 Sb16,False,14,monoclinic
mb-mp-is-metal-045004,Ba2 Ti28 O56,True,2,triclinic
mb-mp-is-metal-085824,Mg3 Ni20 P6,True,225,cubic
mb-mp-is-metal-037764,Zr12 Al8,True,136,tetragonal
mb-mp-is-metal-070369,Bi4 B4 Pb4 O16,False,64,orthorhombic
mb-mp-is-metal-026742,Y1 Si2 Pt2,True,139,tetragonal
mb-mp-is-metal-088328,Lu1 Au1,True,221,cubic
mb-mp-is-metal-077305,Ba4 In2 Sb2 Se10,False,36,orthorhombic
mb-mp-is-metal-099903,Ce2 Ag2 Sn2,True,186,hexagonal
mb-mp-is-metal-095324,Li24 Sc8 N16,False,206,cubic
mb-mp-is-metal-006927,Cr2 H18 C6 N12,False,148,trigonal
mb-mp-is-metal-094327,Er1 B2 Ir3,True,191,hexagonal
mb-mp-is-metal-070432,K8 Cd12 Se16,False,62,orthorhombic
mb-mp-is-metal-104902,Tl4 P2 Au2 S8,False,11,monoclinic
mb-mp-is-metal-105210,Tb1 H2,True,225,cubic
mb-mp-is-metal-090187,Hf2 Pt2,True,63,orthorhombic
mb-mp-is-metal-072628,V4 Pb8 Se12 O42,False,43,orthorhombic
mb-mp-is-metal-061994,Yb46 Mg8 Cu14,True,194,hexagonal
mb-mp-is-metal-021713,Mn12 V8 Si12 O48,True,230,cubic
mb-mp-is-metal-091067,Sm2 Hg6,True,194,hexagonal
mb-mp-is-metal-086110,Li1 Zr2 Os1,True,225,cubic
mb-mp-is-metal-099232,Ta4 Tl8 S22,False,2,triclinic
mb-mp-is-metal-089741,Zr4 Cu2 S8,True,227,cubic
mb-mp-is-metal-057752,In1 N1,True,216,cubic
mb-mp-is-metal-089614,Ba2 Cu4 Sn2 Se8,False,40,orthorhombic
mb-mp-is-metal-089624,Be2 Pd6,True,63,orthorhombic
mb-mp-is-metal-050854,Zr2 Co21 B6,True,225,cubic
mb-mp-is-metal-018763,K1 Br1,False,221,cubic
mb-mp-is-metal-026719,Mn10 As8,True,36,orthorhombic
mb-mp-is-metal-069269,Ba4 Dy2 Ga2 Se10,False,2,triclinic
mb-mp-is-metal-087159,Hf4 Ge2,True,140,tetragonal
mb-mp-is-metal-073595,Ba8 Ga4 Sb4 Se20,False,62,orthorhombic
mb-mp-is-metal-071626,Cs4 Lu28 Se44,False,64,orthorhombic
mb-mp-is-metal-098325,La4 Sn10 Rh6,True,72,orthorhombic
mb-mp-is-metal-093116,Tm2 Ir1 Pd1,True,225,cubic
mb-mp-is-metal-071087,Ba2 Ca1 Re1 O6,True,225,cubic
mb-mp-is-metal-083923,Na8 Sn16,True,12,monoclinic
mb-mp-is-metal-056211,Co2 Sb4,True,58,orthorhombic
mb-mp-is-metal-088925,Nd20 Ge16,True,62,orthorhombic
mb-mp-is-metal-081189,Sc1 Al1 Ni2,True,225,cubic
mb-mp-is-metal-063218,Cs8 Ba12 P16 O56,False,19,orthorhombic
mb-mp-is-metal-007143,Li2 Mn1 Cu3 O8,True,166,trigonal
mb-mp-is-metal-099464,Nd2 Ti2 Ge2,True,129,tetragonal
mb-mp-is-metal-003005,U1 Ga3 Ni1,True,119,tetragonal
mb-mp-is-metal-101947,La2 Ni5 B4,True,12,monoclinic
mb-mp-is-metal-045646,Sc2 Cu6 Se6,False,148,trigonal
mb-mp-is-metal-006167,Cs1 F1,False,221,cubic
mb-mp-is-metal-101723,K6 Re3 H27,False,189,hexagonal
mb-mp-is-metal-040201,Na1 Cd2 Au1,True,225,cubic
mb-mp-is-metal-059845,Li13 Ti22 O48,True,8,monoclinic
mb-mp-is-metal-066476,Re4 F24,True,62,orthorhombic
mb-mp-is-metal-018092,Mn3 Cr3 Te2 O16,True,8,monoclinic
mb-mp-is-metal-082038,Lu1 Cd1 Ag2,True,225,cubic
mb-mp-is-metal-085087,Tm1 Sn1 Ru2,True,225,cubic
mb-mp-is-metal-090028,Na4 Hg4,True,63,orthorhombic
mb-mp-is-metal-089079,Mg3 Sb2,False,164,trigonal
mb-mp-is-metal-045519,Cu8 P4 H4 O20,True,14,monoclinic
mb-mp-is-metal-085123,Cu4 P8,False,14,monoclinic
mb-mp-is-metal-085081,Li1 Mg2 Ag1,True,225,cubic
mb-mp-is-metal-012597,Ca4 Os4 O12,True,62,orthorhombic
mb-mp-is-metal-090246,Sc1 Cu2,True,139,tetragonal
mb-mp-is-metal-058299,Ba4 Dy2 Ga2 Te10,False,36,orthorhombic
mb-mp-is-metal-010361,Ca2 Ti9 O13,True,12,monoclinic
mb-mp-is-metal-095191,Sb1 As1,True,160,trigonal
mb-mp-is-metal-047990,Tb8 C12,True,220,cubic
mb-mp-is-metal-101481,Bi4 S4 Br4,False,62,orthorhombic
mb-mp-is-metal-096275,La2 Ta2 N4 O2,False,12,monoclinic
mb-mp-is-metal-038836,La10 Si8 O3,True,191,hexagonal
mb-mp-is-metal-095543,Ce6 Ta2 Cl6 O12,True,176,hexagonal
mb-mp-is-metal-088954,Ru4 Se8,False,205,cubic
mb-mp-is-metal-040766,Ta14 Cu6 O38,False,176,hexagonal
mb-mp-is-metal-087557,Nd3 In3 Cu3,True,189,hexagonal
mb-mp-is-metal-091179,Dy2 Zn2 Ga2,True,194,hexagonal
mb-mp-is-metal-009980,Li3 V1 O1 F5,False,44,orthorhombic
mb-mp-is-metal-067774,Tb3 Ni13 B2,True,191,hexagonal
mb-mp-is-metal-099499,Na1 In1 Se2,False,166,trigonal
mb-mp-is-metal-025746,Mn3 Ni1 N1,True,221,cubic
mb-mp-is-metal-066842,K4 Sb4 Se8,False,2,triclinic
mb-mp-is-metal-088135,K32 Ge8 S32,False,218,cubic
mb-mp-is-metal-102180,Cu2 W1 Se4,False,121,tetragonal
mb-mp-is-metal-003981,Y1 Cr2 Si2,True,139,tetragonal
mb-mp-is-metal-060027,Mg3 Al9 Fe1 Si5,True,189,hexagonal
mb-mp-is-metal-001161,Li12 Fe4 S12,True,14,monoclinic
mb-mp-is-metal-049199,Lu1 Sc1 Rh2,True,225,cubic
mb-mp-is-metal-084581,Cu2 B2 S4,False,122,tetragonal
mb-mp-is-metal-079164,Ba4 B4 Sb4 S16,False,62,orthorhombic
mb-mp-is-metal-082158,Sr1 Tl1 Hg2,True,225,cubic
mb-mp-is-metal-059277,Eu2 In4 S8,True,66,orthorhombic
mb-mp-is-metal-087507,Nd1 In3,True,221,cubic
mb-mp-is-metal-009215,Mn2 Cu6,True,194,hexagonal
mb-mp-is-metal-058558,Ti20 Sb9 Se3,True,6,monoclinic
mb-mp-is-metal-100757,Sn5 B2 Ir6,True,189,hexagonal
mb-mp-is-metal-017057,V1 Ni5 P6 O24,True,146,trigonal
mb-mp-is-metal-096234,Cs2 Hg3 I8,False,8,monoclinic
mb-mp-is-metal-041698,In2 S3,False,44,orthorhombic
mb-mp-is-metal-048612,Yb2 Cu6 Se6,True,148,trigonal
mb-mp-is-metal-005418,Sm1 Te1,True,221,cubic
mb-mp-is-metal-089464,Lu7 Ni2 Te2,True,44,orthorhombic
mb-mp-is-metal-049733,Zr1 Ti1 F6,True,225,cubic
mb-mp-is-metal-097015,Cs8 Te4,False,62,orthorhombic
mb-mp-is-metal-042241,Ga1 Bi1,True,216,cubic
mb-mp-is-metal-102392,Al1 V1 Co2,True,225,cubic
mb-mp-is-metal-030800,Sr1 Sn1 O3,False,221,cubic
mb-mp-is-metal-070988,Na12 Zn4 B20 O40,False,14,monoclinic
mb-mp-is-metal-037523,Ce4 Fe34,True,194,hexagonal
mb-mp-is-metal-088563,Dy4 Cd2 Pd4,True,127,tetragonal
mb-mp-is-metal-069989,Ba6 B12 O24,False,161,trigonal
mb-mp-is-metal-008352,Zn2 Cu6 P6 O26,True,11,monoclinic
mb-mp-is-metal-007446,Ca6 Sn4 S14,False,36,orthorhombic
mb-mp-is-metal-098326,La8 Sn24 Ru8,True,223,cubic
mb-mp-is-metal-079746,Rb4 Ti2 Ag4 S8,False,132,tetragonal
mb-mp-is-metal-063664,Ba12 Cd4 Sn8 S32,False,122,tetragonal
mb-mp-is-metal-043189,Ca1 Cd1 Pd2,True,225,cubic
mb-mp-is-metal-087471,Y4 Si4 Ru4,True,62,orthorhombic
mb-mp-is-metal-099334,Sm1 Mn2 Ge2,True,139,tetragonal
mb-mp-is-metal-030329,La2 Mn1 Ni1 O6,False,225,cubic
mb-mp-is-metal-081814,Ca1 Mg2 N2,False,164,trigonal
mb-mp-is-metal-083099,Dy1 Ag1 Hg2,True,225,cubic
mb-mp-is-metal-072671,Ba2 Sc1 Ta1 O6,False,225,cubic
mb-mp-is-metal-018223,Ti2 Re2 N6,True,161,trigonal
mb-mp-is-metal-105496,Sr3 Al2 Sn2,True,71,orthorhombic
mb-mp-is-metal-052695,Cd2 In1 Cu1 Te4,False,121,tetragonal
mb-mp-is-metal-088559,Er2 Ni8 B2,True,191,hexagonal
mb-mp-is-metal-061964,Tb2 In16 Pt7,True,65,orthorhombic
mb-mp-is-metal-040734,Pt3 Pb1,True,221,cubic
mb-mp-is-metal-049334,Tb1 Ga3,True,221,cubic
mb-mp-is-metal-023231,Ca1 Ti4 S8,True,166,trigonal
mb-mp-is-metal-035731,U1 Cu2 P2,True,164,trigonal
mb-mp-is-metal-064175,Ho2 Cu1 Rh1,True,225,cubic
mb-mp-is-metal-105631,Na8 Sb8,False,14,monoclinic
mb-mp-is-metal-103287,Cd32 P16 Cl24,False,205,cubic
mb-mp-is-metal-059828,Sm2 Co4,True,227,cubic
mb-mp-is-metal-104031,Li1 In1 I4 O12,False,2,triclinic
mb-mp-is-metal-081863,Li1 Tm2 Ru1,True,225,cubic
mb-mp-is-metal-104464,Eu4 Lu8 Se16,True,62,orthorhombic
mb-mp-is-metal-084915,Na2 Cd1 Sn1 S4,False,5,monoclinic
mb-mp-is-metal-091431,Mn6 P3,True,189,hexagonal
mb-mp-is-metal-099875,Cs2 Ga14,True,166,trigonal
mb-mp-is-metal-102907,Na6 Sb2,False,194,hexagonal
mb-mp-is-metal-060735,K16 Nb8 S44,False,29,orthorhombic
mb-mp-is-metal-074549,In8 As10 Br6 O24,False,2,triclinic
mb-mp-is-metal-069324,Nd4 Ge10 Rh6,True,15,monoclinic
mb-mp-is-metal-005256,Dy1 B1 Pd3,True,221,cubic
mb-mp-is-metal-087525,Th4 Si4,True,62,orthorhombic
mb-mp-is-metal-099355,Zr4 Ni4 Sb4,False,62,orthorhombic
mb-mp-is-metal-008798,U6 Bi8,True,220,cubic
mb-mp-is-metal-099978,Sc1 Ti9 N9,True,2,triclinic
mb-mp-is-metal-063394,Zn2 B24 H20 O48,False,14,monoclinic
mb-mp-is-metal-011138,Tm10 Ti10 O34,True,31,orthorhombic
mb-mp-is-metal-074456,Cs8 In8 Hg8 S24,False,15,monoclinic
mb-mp-is-metal-062692,Cd1 Cu2 Sn1 Se4,True,121,tetragonal
mb-mp-is-metal-073334,Ba4 Ag4 Sb4 S12,False,15,monoclinic
mb-mp-is-metal-049273,Tl2 In2 S4,False,140,tetragonal
mb-mp-is-metal-101480,Bi4 S4 Cl4,False,62,orthorhombic
mb-mp-is-metal-095804,Yb4 Sn2,True,194,hexagonal
mb-mp-is-metal-015395,Al1 Ag1 O2,False,160,trigonal
mb-mp-is-metal-091176,Dy2 S4,True,129,tetragonal
mb-mp-is-metal-056210,Tl6 Pb2,True,194,hexagonal
mb-mp-is-metal-088529,Cu2 Hg1 Ge1 Se4,True,121,tetragonal
mb-mp-is-metal-103136,Lu2 Fe2 Si2 C1,True,12,monoclinic
mb-mp-is-metal-064191,Mg1 Mn1 Rh2,True,225,cubic
mb-mp-is-metal-088082,Co4 As12,True,204,cubic
mb-mp-is-metal-000498,Mg2 Zn4,True,194,hexagonal
mb-mp-is-metal-077067,K10 Mn4 Sn4 S17,False,160,trigonal
mb-mp-is-metal-035252,Th1 Si2 Ru3,True,191,hexagonal
mb-mp-is-metal-099196,Li8 Tm8 Sn8,True,186,hexagonal
mb-mp-is-metal-095119,Y1 Cd1 Pd2,True,225,cubic
mb-mp-is-metal-091161,Sm8 Cu4 As12 O4,True,62,orthorhombic
mb-mp-is-metal-105052,U2 Sb2 Se2,True,129,tetragonal
mb-mp-is-metal-031690,Fe1 Pd3,True,166,trigonal
mb-mp-is-metal-097691,Rb4 Cu4 Pd4 F20,True,62,orthorhombic
mb-mp-is-metal-048933,U2 Al8,True,74,orthorhombic
mb-mp-is-metal-090884,Mn2 Al1 B2,True,65,orthorhombic
mb-mp-is-metal-099112,Sm1 Ni2 B2 C1,True,139,tetragonal
mb-mp-is-metal-102278,Rb2 V2 Cu4 S8,False,40,orthorhombic
mb-mp-is-metal-104900,Tc4 S8,False,2,triclinic
mb-mp-is-metal-040933,V2 O2,False,166,trigonal
mb-mp-is-metal-025817,Ho1 Si2 Pt2,True,139,tetragonal
mb-mp-is-metal-074448,Rb8 Mo12 Se12 O64,False,14,monoclinic
mb-mp-is-metal-071650,Ba4 Nd2 In2 Te10,False,36,orthorhombic
mb-mp-is-metal-043073,Y8 Ge8 O28,False,2,triclinic
mb-mp-is-metal-001641,Cd2 S2,False,59,orthorhombic
mb-mp-is-metal-006132,Ti4 Sb2 P6 O24,True,167,trigonal
mb-mp-is-metal-062415,In8 Bi12 Se28 I4,False,62,orthorhombic
mb-mp-is-metal-100939,Mg1 Cu1 Sb1,True,216,cubic
mb-mp-is-metal-101289,U4 Fe4 Si4,True,62,orthorhombic
mb-mp-is-metal-028781,Ag2 Pd1 O2,False,71,orthorhombic
mb-mp-is-metal-001263,Ce2 Cu4 Sb4,True,129,tetragonal
mb-mp-is-metal-046773,Si12 Ru8,False,116,tetragonal
mb-mp-is-metal-043762,Th4 In2,True,140,tetragonal
mb-mp-is-metal-070777,K1 Bi1 S2,False,166,trigonal
mb-mp-is-metal-043247,Te2 Mo3 Se4,True,187,hexagonal
mb-mp-is-metal-079432,Ba8 Ga4 As4 Se20,False,62,orthorhombic
mb-mp-is-metal-017233,Y2 Ti2 O6,True,194,hexagonal
mb-mp-is-metal-054659,In16 Bi12 S40,False,1,triclinic
mb-mp-is-metal-091100,Hf1 Se2,False,164,trigonal
mb-mp-is-metal-040761,Sr32 Al32,True,198,cubic
mb-mp-is-metal-060001,Eu12 Sb16 S36,True,62,orthorhombic
mb-mp-is-metal-094238,Tl2 In2 Se4,False,140,tetragonal
mb-mp-is-metal-036201,Zr10 Al6 C2,True,193,hexagonal
mb-mp-is-metal-084086,Be1 Si1 Ru2,True,225,cubic
mb-mp-is-metal-046174,V2 P8,True,15,monoclinic
mb-mp-is-metal-091024,Er4 Ga18 Co6,True,63,orthorhombic
mb-mp-is-metal-099479,Th1 Ru3 C1,True,221,cubic
mb-mp-is-metal-031614,Yb4 Ce8 Cu4 Se20,False,62,orthorhombic
mb-mp-is-metal-053164,Tm2 Al1 Os1,True,225,cubic
mb-mp-is-metal-005432,Cs4 I4,False,62,orthorhombic
mb-mp-is-metal-048028,Bi12 P1 O20,True,197,cubic
mb-mp-is-metal-061819,Mn8 Pb16 O32,False,114,tetragonal
mb-mp-is-metal-050800,Mg1 Cu1 Bi1,True,216,cubic
mb-mp-is-metal-064170,Li2 Mg1 Sn1,True,225,cubic
mb-mp-is-metal-098543,Zr10 Sn8,True,193,hexagonal
mb-mp-is-metal-084084,Sc1 Zn1 Pt2,True,225,cubic
mb-mp-is-metal-046786,Co4 As4 Rh4,True,62,orthorhombic
mb-mp-is-metal-084601,Sm1 Se1,True,225,cubic
mb-mp-is-metal-037308,Bi6 Pt3,True,12,monoclinic
mb-mp-is-metal-025246,Zn2 In4 Se8,False,227,cubic
mb-mp-is-metal-087939,Nd3 Tl3 Pd3,True,189,hexagonal
mb-mp-is-metal-033061,Li3 Cu4 Ni1 O8,True,12,monoclinic
mb-mp-is-metal-090764,Tm1 Pd1,True,221,cubic
mb-mp-is-metal-041767,Mg2 Si2 N4,False,122,tetragonal
mb-mp-is-metal-003132,Nb5 O1 F14,True,2,triclinic
mb-mp-is-metal-009703,Ge1 As3,True,160,trigonal
mb-mp-is-metal-059474,La16 Fe8 Se16 O16,False,33,orthorhombic
mb-mp-is-metal-089565,Zr4 Re8,True,194,hexagonal
mb-mp-is-metal-093228,Mg4 Ge2 B4 Rh10,True,127,tetragonal
mb-mp-is-metal-095885,Sm4 Al23 Ni6,True,12,monoclinic
mb-mp-is-metal-015124,Li3 Fe2 Sb1 O6,True,12,monoclinic
mb-mp-is-metal-041804,Nd2 O3,False,164,trigonal
mb-mp-is-metal-023218,Al3 Tc1,True,139,tetragonal
mb-mp-is-metal-090224,Er1 Fe1 C2,True,38,orthorhombic
mb-mp-is-metal-074301,Tl4 Hg6 S8,False,15,monoclinic
mb-mp-is-metal-076474,Rb4 Cd4 B12 O24,False,15,monoclinic
mb-mp-is-metal-023782,Ce20 Si12 N36,True,64,orthorhombic
mb-mp-is-metal-069975,Ba1 Ni2 P4,True,71,orthorhombic
mb-mp-is-metal-055509,Nd40 Se56 O4,False,142,tetragonal
mb-mp-is-metal-083912,Dy24 Co14,True,14,monoclinic
mb-mp-is-metal-064206,Ga4 Te4,False,194,hexagonal
mb-mp-is-metal-102548,Dy7 In1 Co4 Ge12,True,83,tetragonal
mb-mp-is-metal-046918,Th6 Mg23,True,225,cubic
mb-mp-is-metal-097651,Ti1 Co1 Sb1,False,216,cubic
mb-mp-is-metal-069372,In4 B2 P6 O24,False,176,hexagonal
mb-mp-is-metal-066787,Cs8 As8 Se16,False,61,orthorhombic
mb-mp-is-metal-081176,Cs3 Sb1,False,225,cubic
mb-mp-is-metal-097512,Sr32 Mn12 N36,True,14,monoclinic
mb-mp-is-metal-062253,Zr3 Ga3 Pt3,True,189,hexagonal
mb-mp-is-metal-057850,Ag12 As12 S24,False,15,monoclinic
mb-mp-is-metal-004471,La2 Ti1 Co1 O6,False,225,cubic
mb-mp-is-metal-030838,Mn1 Sb1 Rh2,True,123,tetragonal
mb-mp-is-metal-034757,Cu8 Cl8,False,205,cubic
mb-mp-is-metal-072762,Sb4 Se4 Br4,False,62,orthorhombic
mb-mp-is-metal-098456,Tb1 Ge2 Pd2,True,139,tetragonal
mb-mp-is-metal-097622,Yb4 Zn6 Ge6,True,12,monoclinic
mb-mp-is-metal-069674,Ba6 Li24,True,194,hexagonal
mb-mp-is-metal-057727,Mn6 Al20,True,194,hexagonal
mb-mp-is-metal-065335,Ba4 La2 Ir2 O12,True,14,monoclinic
mb-mp-is-metal-089876,Al18 Co4,True,14,monoclinic
mb-mp-is-metal-052197,Hf2 Os1 Pd1,True,225,cubic
mb-mp-is-metal-042978,Pr7 Mn8 O24,True,8,monoclinic
mb-mp-is-metal-087598,Bi8 S12,False,62,orthorhombic
mb-mp-is-metal-086641,Er6 Mn1 Bi2,True,189,hexagonal
mb-mp-is-metal-089666,Ir8 Se16,False,62,orthorhombic
mb-mp-is-metal-001160,Li2 Pr1 P2,True,164,trigonal
mb-mp-is-metal-063136,Ga1 N1,False,216,cubic
mb-mp-is-metal-104407,Gd2 Al1 Co2,True,71,orthorhombic
mb-mp-is-metal-056754,Al12 Tc2,True,63,orthorhombic
mb-mp-is-metal-060185,Eu1 Al1 O3,True,221,cubic
mb-mp-is-metal-074319,K4 Te4 P8,False,11,monoclinic
mb-mp-is-metal-086525,Dy8 Ti12 Si16,True,92,tetragonal
mb-mp-is-metal-071432,Ga4 H4 Se4 O16,False,62,orthorhombic
mb-mp-is-metal-088346,Ho2 Cd6,True,63,orthorhombic
mb-mp-is-metal-047921,Bi8 Pd8,True,36,orthorhombic
mb-mp-is-metal-004257,V1 Co1,True,221,cubic
mb-mp-is-metal-030748,H28 Se8 N4 O24,False,19,orthorhombic
mb-mp-is-metal-088630,Nd2 Lu2 Se6,False,63,orthorhombic
mb-mp-is-metal-094015,Er10 Ni2 Pb6,True,193,hexagonal
mb-mp-is-metal-094316,Hf24 P8,True,86,tetragonal
mb-mp-is-metal-018505,Ba3 Re3 H27,False,143,trigonal
mb-mp-is-metal-075554,Ba12 Ge4 S20,False,62,orthorhombic
mb-mp-is-metal-036868,Pb6 O8,False,55,orthorhombic
mb-mp-is-metal-018635,Sb8 I2 O11,False,1,triclinic
mb-mp-is-metal-092689,Th1 Ir5,True,191,hexagonal
mb-mp-is-metal-100450,In6 Pd10,True,55,orthorhombic
mb-mp-is-metal-021225,Mn1 Si1 Ni2,True,225,cubic
mb-mp-is-metal-003528,Pr2 Sm2 O4,True,141,tetragonal
mb-mp-is-metal-104549,La6 Ge6 Br4,True,12,monoclinic
mb-mp-is-metal-034766,Li2 Cu10 P6 O26,True,2,triclinic
mb-mp-is-metal-023181,La20 Cu9 O40,True,2,triclinic
mb-mp-is-metal-053840,Ce16 Te24,True,122,tetragonal
mb-mp-is-metal-005271,Ta2 N1,True,164,trigonal
mb-mp-is-metal-072625,Cd32 As16 Br24,False,205,cubic
mb-mp-is-metal-053837,Nd16 S24,False,122,tetragonal
mb-mp-is-metal-051207,Sm2 Tl1 Zn1,True,225,cubic
mb-mp-is-metal-098829,Hf10 Cu2 Pb6,True,193,hexagonal
mb-mp-is-metal-015057,Li4 Mn5 Nb3 O16,True,1,triclinic
mb-mp-is-metal-078333,Na4 Cd2 Ge4 S12,False,9,monoclinic
mb-mp-is-metal-035303,Sm2 O3,False,164,trigonal
mb-mp-is-metal-082681,Pr1 B6,True,221,cubic
mb-mp-is-metal-079463,In2 Hg14 S12 Cl10,False,2,triclinic
mb-mp-is-metal-101428,Ba8 In16 Se32,False,70,orthorhombic
mb-mp-is-metal-081700,Yb2 Ir4,True,227,cubic
mb-mp-is-metal-074493,La32 In8 Sb8 S72,False,92,tetragonal
mb-mp-is-metal-088179,Sc1 Rh3 C1,True,221,cubic
mb-mp-is-metal-016733,As1 P1,False,160,trigonal
mb-mp-is-metal-007881,Ag2 Hg1 I4,False,160,trigonal
mb-mp-is-metal-100014,Pd16 S7,True,217,cubic
mb-mp-is-metal-091471,Mn4 Sb8 O16,False,135,tetragonal
mb-mp-is-metal-061446,Sm4 Bi4 W8 O36,False,62,orthorhombic
mb-mp-is-metal-087552,Ce4 Sb2,True,139,tetragonal
mb-mp-is-metal-089888,Tm2 Al8 Ni2,True,63,orthorhombic
mb-mp-is-metal-041182,Eu6 Sn2,True,194,hexagonal
mb-mp-is-metal-087936,Na30 Sn8,True,220,cubic
mb-mp-is-metal-040212,Rh4 Se8,True,205,cubic
mb-mp-is-metal-084924,Sm4 Mo4 O14,True,227,cubic
mb-mp-is-metal-082900,Pm2 Ir1 Rh1,True,225,cubic
mb-mp-is-metal-063801,Sr2 Nd4 S8,False,122,tetragonal
mb-mp-is-metal-003003,Lu1 B1 Pd3,True,221,cubic
mb-mp-is-metal-077356,Zn4 Te2 Mo2 O14,False,4,monoclinic
mb-mp-is-metal-085368,Sb4 Te6,False,12,monoclinic
mb-mp-is-metal-026226,Sm1 Th3,True,221,cubic
mb-mp-is-metal-066790,Si2 Ni1 P3,True,44,orthorhombic
mb-mp-is-metal-068010,Sr6 La6 Mn12 O36,True,111,tetragonal
mb-mp-is-metal-093487,Mg18 Rh6,True,185,hexagonal
mb-mp-is-metal-059186,Lu1 Sc1 Zn2,True,225,cubic
mb-mp-is-metal-040743,Mn2 Co1 Ge1,True,216,cubic
mb-mp-is-metal-051191,Sm2 Mg6,True,194,hexagonal
mb-mp-is-metal-022213,Lu2 Al1 Tc1,True,225,cubic
mb-mp-is-metal-044504,K8 Fe4 Ge12 Se32,False,4,monoclinic
mb-mp-is-metal-097311,Mg2 Ge1,False,225,cubic
mb-mp-is-metal-029250,In2 Se3,False,164,trigonal
mb-mp-is-metal-052817,Cr4 P6 O22,True,15,monoclinic
mb-mp-is-metal-101524,K2 Ru1 Cl6,True,225,cubic
mb-mp-is-metal-068716,Li4 Mg4 N4,False,62,orthorhombic
mb-mp-is-metal-017237,Mg1 Sb1 F6,True,148,trigonal
mb-mp-is-metal-022243,Ca4 Cu2 W2 O12,True,14,monoclinic
mb-mp-is-metal-035206,Rb1 Pd1 F3,True,221,cubic
mb-mp-is-metal-080592,Cs4 Lu28 S44,False,64,orthorhombic
mb-mp-is-metal-064726,Ce4 Si4 Ir4,True,198,cubic
mb-mp-is-metal-044495,V16 Ag16 I32 O128,False,56,orthorhombic
mb-mp-is-metal-021705,Er1 B6,True,221,cubic
mb-mp-is-metal-083494,Ba1 Ga2 Ge1 S6,False,1,triclinic
mb-mp-is-metal-074336,Na4 In4 Si2 S12,False,9,monoclinic
mb-mp-is-metal-002180,Ti3 P1 O7,True,160,trigonal
mb-mp-is-metal-016895,Li4 Co5 Sb1 O12,True,12,monoclinic
mb-mp-is-metal-002901,Li2 B6,False,123,tetragonal
mb-mp-is-metal-065275,K1 Au1 I4 O12,False,5,monoclinic
mb-mp-is-metal-093449,Mo12 Pd8 N4,True,213,cubic
mb-mp-is-metal-084185,Ba4 Sc2 Ir2 O12,True,225,cubic
mb-mp-is-metal-102928,Ba4 In2 Bi2 S10,False,36,orthorhombic
mb-mp-is-metal-064273,Yb2 Ga4 Se8,False,66,orthorhombic
mb-mp-is-metal-054480,Tl2 Hg12 Se8 Br10,False,87,tetragonal
mb-mp-is-metal-050962,Yb1 La5 S8,True,82,tetragonal
mb-mp-is-metal-054713,Er3 Ag3 Sn3,True,189,hexagonal
mb-mp-is-metal-059449,Ce40 Se56 O4,False,142,tetragonal
mb-mp-is-metal-010791,In16 Se8,True,58,orthorhombic
mb-mp-is-metal-100422,La2 In4 Ir2,True,63,orthorhombic
mb-mp-is-metal-011758,Li12 Tb4 O14,True,14,monoclinic
mb-mp-is-metal-082210,Sb4 Os4 Se4,False,14,monoclinic
mb-mp-is-metal-078373,K4 Ba4 As4 Se12,False,14,monoclinic
mb-mp-is-metal-088280,Cs2 Y2 Cd2 Se6,False,63,orthorhombic
mb-mp-is-metal-024792,Sr1 V13 O18,True,148,trigonal
mb-mp-is-metal-087476,Dy1 Ge2 Ru2,True,139,tetragonal
mb-mp-is-metal-063172,K1 Ag2 Sb1 S4,False,121,tetragonal
mb-mp-is-metal-072528,Hf8 Hg32 As16 Cl48,False,61,orthorhombic
mb-mp-is-metal-069010,Y1 Cu1 O2,False,166,trigonal
mb-mp-is-metal-068215,Hf3 Si4 Cu4,True,71,orthorhombic
mb-mp-is-metal-002076,Pb4 O6,False,11,monoclinic
mb-mp-is-metal-091933,Fe12 W12 C2,True,227,cubic
mb-mp-is-metal-082039,Yb1 Sm1 Rh2,True,225,cubic
mb-mp-is-metal-028811,P4 H24 N4 O16,False,19,orthorhombic
mb-mp-is-metal-098309,Ho3 Tl3 Pd3,True,189,hexagonal
mb-mp-is-metal-097758,Eu2 Cl6 O24,True,176,hexagonal
mb-mp-is-metal-083019,Ti2 Tc1 Pd1,True,225,cubic
mb-mp-is-metal-090795,Ga2 Hg1 S4,False,82,tetragonal
mb-mp-is-metal-004264,Cr24 N16,True,206,cubic
mb-mp-is-metal-083913,Cs2 Ce2 Cd2 Se6,False,63,orthorhombic
mb-mp-is-metal-097740,Zr1 In1 Cu2,True,225,cubic
mb-mp-is-metal-101366,La4 In16 Au8,True,62,orthorhombic
mb-mp-is-metal-098383,Yb1 Al2 Ge2,True,164,trigonal
mb-mp-is-metal-015221,Al4 Cu6 Se12,True,122,tetragonal
mb-mp-is-metal-086827,Ni2 Ge2 Pt4,True,69,orthorhombic
mb-mp-is-metal-070932,Sr2 Pr4 S8,False,122,tetragonal
mb-mp-is-metal-090015,Mg24 P16,False,206,cubic
mb-mp-is-metal-103930,K2 Se1,False,225,cubic
mb-mp-is-metal-002914,In1 Au3,True,187,hexagonal
mb-mp-is-metal-095664,K4 Li4 C4 O12,False,14,monoclinic
mb-mp-is-metal-022744,Ba2 Re1 Ni1 O6,True,225,cubic
mb-mp-is-metal-088961,Er1 Cu1,True,221,cubic
mb-mp-is-metal-091264,Li4 Ca12 As8 H4,False,62,orthorhombic
mb-mp-is-metal-069854,Eu2 Ti2 Cl2 O6,True,12,monoclinic
mb-mp-is-metal-050469,Eu12 Sb16 Se36,True,62,orthorhombic
mb-mp-is-metal-009381,Ge2 S4,False,137,tetragonal
mb-mp-is-metal-090522,Y1 Ni1 Sb1,False,216,cubic
mb-mp-is-metal-068685,Ba2 Si2,True,63,orthorhombic
mb-mp-is-metal-066865,Ga2 Ag2 S4,False,9,monoclinic
mb-mp-is-metal-068998,Cs6 Bi4 Br18,False,15,monoclinic
mb-mp-is-metal-105807,Ce2 As2 Pd2,True,194,hexagonal
mb-mp-is-metal-029162,Ni16 P12 O48,True,58,orthorhombic
mb-mp-is-metal-100867,Er1 Pb1 Au1,True,216,cubic
mb-mp-is-metal-099602,K4 Te2 I12,False,14,monoclinic
mb-mp-is-metal-090926,Dy2 Ni12 P7,True,174,hexagonal
mb-mp-is-metal-100899,Cs8 Pd4 Se32,False,142,tetragonal
mb-mp-is-metal-089790,Dy6 Mn2 B14,True,63,orthorhombic
mb-mp-is-metal-082937,Mg1 In1 Pd2,True,225,cubic
mb-mp-is-metal-099093,Yb1 Cd1 Hg2,True,225,cubic
mb-mp-is-metal-079173,Y3 Al3 Ni1 Ge2,True,189,hexagonal
mb-mp-is-metal-044797,Re4 Cl16,True,13,monoclinic
mb-mp-is-metal-026680,As32 S32,False,29,orthorhombic
mb-mp-is-metal-062182,Zn2 Te2,False,186,hexagonal
mb-mp-is-metal-092808,Ag2 Bi2 P4 S12,False,2,triclinic
mb-mp-is-metal-026681,Tb2 O3,False,164,trigonal
mb-mp-is-metal-084040,Dy2 Zn1 In1,True,225,cubic
mb-mp-is-metal-086158,Hf2 S6,False,11,monoclinic
mb-mp-is-metal-090290,Yb1 Si2 Rh2,True,139,tetragonal
mb-mp-is-metal-062160,Li8 Ir1 O6,True,148,trigonal
mb-mp-is-metal-049935,Eu1 As2 Pd2,True,8,monoclinic
mb-mp-is-metal-028383,Pr1 Au1,True,221,cubic
mb-mp-is-metal-080243,Zr4 Ni4 Ge4,False,62,orthorhombic
mb-mp-is-metal-022249,Mg1 Te1,False,225,cubic
mb-mp-is-metal-093050,Ta1 Tl3 S4,False,217,cubic
mb-mp-is-metal-058247,Tm2 Co2 Si4,True,63,orthorhombic
mb-mp-is-metal-037802,Ta2 Be4,True,227,cubic
mb-mp-is-metal-101080,Mn1 Al1 Au2,True,225,cubic
mb-mp-is-metal-052271,Ca3 Tl1 N1,True,221,cubic
mb-mp-is-metal-033827,Li2 Ni5 P4 O16,False,2,triclinic
mb-mp-is-metal-100299,Ca4 In4 Au4,True,62,orthorhombic
mb-mp-is-metal-029379,In8 O12,False,60,orthorhombic
mb-mp-is-metal-000007,In1 Sb1,True,225,cubic
mb-mp-is-metal-088896,Hf12 Sb4,True,82,tetragonal
mb-mp-is-metal-061194,Li1 Lu2 Tc1,True,225,cubic
mb-mp-is-metal-070417,Cd4 Ag8 Ge4 S16,False,33,orthorhombic
mb-mp-is-metal-061662,Dy2 Cu6 Se6,False,148,trigonal
mb-mp-is-metal-066907,Ba8 V8 Zn4 O32,False,14,monoclinic
mb-mp-is-metal-076426,Na4 Mo4 Se4 O22,False,15,monoclinic
mb-mp-is-metal-054566,Yb2 Cu6 S6,True,148,trigonal
mb-mp-is-metal-028982,Li1 Co7 O7 F1,True,156,trigonal
mb-mp-is-metal-052654,In5 Ag1 Te8,False,5,monoclinic
mb-mp-is-metal-059058,P4 H24 N14 Cl2,False,2,triclinic
mb-mp-is-metal-043305,Eu2 V2 O8,True,88,tetragonal
mb-mp-is-metal-053949,Cu2 Bi2 P4 Se12,False,163,trigonal
mb-mp-is-metal-052793,Pb4 Br8,False,62,orthorhombic
mb-mp-is-metal-018330,Ga1 Fe1 Ni2,True,123,tetragonal
mb-mp-is-metal-083005,Lu1 Hf1 Ru2,True,225,cubic
mb-mp-is-metal-074459,K8 Zn4 Sn8 Se24,False,130,tetragonal
mb-mp-is-metal-086660,Bi2 Pb2 Cl2 O4,False,63,orthorhombic
mb-mp-is-metal-102156,Hf1 V2 Ga4,True,139,tetragonal
mb-mp-is-metal-087850,Ba4 Cu10 F28,True,15,monoclinic
mb-mp-is-metal-034992,Na2 V6 O13,True,12,monoclinic
mb-mp-is-metal-082702,U2 Ti1,True,191,hexagonal
mb-mp-is-metal-071575,B12 Pb12 N4 O40,False,62,orthorhombic
mb-mp-is-metal-084657,Eu4 Rh4 O12,True,62,orthorhombic
mb-mp-is-metal-078368,Cs4 Cd4 B4 O12,False,198,cubic
mb-mp-is-metal-049859,Tl1 Cu6 S4,True,139,tetragonal
mb-mp-is-metal-055768,Sm2 Er6 Se12,False,11,monoclinic
mb-mp-is-metal-003166,Li2 Fe3 Ni1 O8,True,166,trigonal
mb-mp-is-metal-098056,Sc3 Ga1 C1,True,221,cubic
mb-mp-is-metal-064157,Hf4 Ni2,True,140,tetragonal
mb-mp-is-metal-058925,Bi4 Se4 Br4,False,62,orthorhombic
mb-mp-is-metal-092206,Nd2 Sb2 Pd2,True,194,hexagonal
mb-mp-is-metal-097593,Nd1 P2 Ru2,True,139,tetragonal
mb-mp-is-metal-030769,Tb6 Re2 O14,True,63,orthorhombic
mb-mp-is-metal-075120,Ba1 Ga2 Si1 S6,False,1,triclinic
mb-mp-is-metal-092369,Li2 Sn1 Ir1,True,216,cubic
mb-mp-is-metal-037784,Cd2 In4 Se8,False,227,cubic
mb-mp-is-metal-060412,K4 Ag8 Sb4 S12,False,2,triclinic
mb-mp-is-metal-051856,Tm1 Au1,True,221,cubic
mb-mp-is-metal-088777,Rb4 Nb2 Cu2 Se8,False,70,orthorhombic
mb-mp-is-metal-101415,Tb8 Ti12 Ge16,True,62,orthorhombic
mb-mp-is-metal-019685,Li3 Mn1 As2,True,115,tetragonal
mb-mp-is-metal-100282,U4 Ge4 Rh4,True,62,orthorhombic
mb-mp-is-metal-088891,P8 Rh4,False,14,monoclinic
mb-mp-is-metal-064268,Nd2 Mg2 Ni8,True,31,orthorhombic
mb-mp-is-metal-054929,In2 Bi4 Se8 Br2,False,12,monoclinic
mb-mp-is-metal-086693,Ba2 Co1 W1 O6,True,225,cubic
mb-mp-is-metal-077349,Tl8 Cu2 Te2 O12,False,2,triclinic
mb-mp-is-metal-017231,Y4 Ag4 O12,False,62,orthorhombic
mb-mp-is-metal-020755,Li1 In1 Sn1,True,216,cubic
mb-mp-is-metal-005191,Rb2 Ge6,True,194,hexagonal
mb-mp-is-metal-043507,Ce20 Ge12,True,130,tetragonal
mb-mp-is-metal-101029,Si8 Pd36,True,62,orthorhombic
mb-mp-is-metal-088629,Pr2 Lu2 Se6,False,63,orthorhombic
mb-mp-is-metal-098718,Nd3 Sn3 Rh3,True,189,hexagonal
mb-mp-is-metal-070000,Gd3 Co11 B4,True,191,hexagonal
mb-mp-is-metal-038619,Sm1 Cu1 Si1,True,187,hexagonal
mb-mp-is-metal-071328,Ca4 Sc2 Sb2 O12,False,14,monoclinic
mb-mp-is-metal-102517,Cs2 Tb2 Zn2 Te6,False,63,orthorhombic
mb-mp-is-metal-083737,Th1 Al8 Fe4,True,139,tetragonal
mb-mp-is-metal-056971,V1 Ag1 P2 Se6,True,5,monoclinic
mb-mp-is-metal-012745,Sr4 Cr4 O16,False,14,monoclinic
mb-mp-is-metal-044539,Rb6 Bi18 Se30,False,12,monoclinic
mb-mp-is-metal-023498,Sb2 Pd6,True,194,hexagonal
mb-mp-is-metal-021318,Li1 Ni4 O8,True,12,monoclinic
mb-mp-is-metal-063679,Fe2 Pd4 Se4,True,72,orthorhombic
mb-mp-is-metal-101357,Cr4 Fe4 P4,True,62,orthorhombic
mb-mp-is-metal-093994,Dy16 Cd4 Rh4,True,216,cubic
mb-mp-is-metal-001895,Li1 Cu3 O3,True,99,tetragonal
mb-mp-is-metal-100811,La4 Fe4 I2,True,194,hexagonal
mb-mp-is-metal-105617,U4 V4 C8,True,62,orthorhombic
mb-mp-is-metal-032701,Nb4 Cu4 O12,False,12,monoclinic
mb-mp-is-metal-089999,Tb2 Zn4,True,74,orthorhombic
mb-mp-is-metal-050769,Nd2 Mg4,True,227,cubic
mb-mp-is-metal-010734,Ca3 N2,False,164,trigonal
mb-mp-is-metal-095849,U1 Fe5 Si3,True,123,tetragonal
mb-mp-is-metal-032556,V6 Ag1 O15,True,8,monoclinic
mb-mp-is-metal-013356,Al1 Ag1 S2,False,160,trigonal
mb-mp-is-metal-099167,La4 Ge10 Rh6,True,72,orthorhombic
mb-mp-is-metal-064682,Ag28 As4 S24,False,198,cubic
mb-mp-is-metal-038913,Gd12 Ta8 Al86,True,193,hexagonal
mb-mp-is-metal-067218,Ce1 Al2 Pd5,True,139,tetragonal
mb-mp-is-metal-088167,Yb1 Si2 Ag2,True,139,tetragonal
mb-mp-is-metal-070596,Nb3 Si6,True,181,hexagonal
mb-mp-is-metal-018108,Mn1 Nb1 O4,True,119,tetragonal
mb-mp-is-metal-011067,Li3 Mn1 Cu2 O6,True,12,monoclinic
mb-mp-is-metal-063262,Ag4 Ge2 Se6,False,36,orthorhombic
mb-mp-is-metal-004083,W14 O42,False,1,triclinic
mb-mp-is-metal-088637,Cs2 U2 Cu2 S6,True,63,orthorhombic
mb-mp-is-metal-089364,Cs4 Ti2 Ag4 S8,False,132,tetragonal
mb-mp-is-metal-081742,Y1 Bi1,True,225,cubic
mb-mp-is-metal-032457,Ge8 O16,False,15,monoclinic
mb-mp-is-metal-086413,Sc6 Sn6 Pd6,True,190,hexagonal
mb-mp-is-metal-049054,Li5 Mn3 Fe2 O10,False,2,triclinic
mb-mp-is-metal-024713,Ca4 Ta4 N4 O8,False,14,monoclinic
mb-mp-is-metal-090245,Eu2 Pd2,True,63,orthorhombic
mb-mp-is-metal-094300,La16 Se24,False,122,tetragonal
mb-mp-is-metal-088810,Sm6 Si18 Pt30,True,176,hexagonal
mb-mp-is-metal-092850,Rb8 Ba4 Nb8 Se44,False,14,monoclinic
mb-mp-is-metal-017618,Ba4 Tb4 Mn8 O24,True,2,triclinic
mb-mp-is-metal-034737,Cu4 Te6 O16,True,15,monoclinic
mb-mp-is-metal-101502,Cs2 Te1 Br6,False,225,cubic
mb-mp-is-metal-082977,V1 Zn1 Ru2,True,225,cubic
mb-mp-is-metal-030677,Er2 Cu6 Te6,False,148,trigonal
mb-mp-is-metal-098662,Na4 Sm4 P8 S24,False,14,monoclinic
mb-mp-is-metal-082075,Sc1 Cd1 Ag2,True,225,cubic
mb-mp-is-metal-046418,Gd1 Te1,True,187,hexagonal
mb-mp-is-metal-097707,In16 Te12,False,58,orthorhombic
mb-mp-is-metal-002233,Zn4 Sn2 N4,True,12,monoclinic
mb-mp-is-metal-094120,Dy2 Mg1 In1,True,225,cubic
mb-mp-is-metal-094231,Pr4 In2 Ge4,True,127,tetragonal
mb-mp-is-metal-006142,Li4 Nb4 P6 O24,True,15,monoclinic
mb-mp-is-metal-083759,K8 In8 S16,False,15,monoclinic
mb-mp-is-metal-104016,Tm3 Ge4 Pd4,True,71,orthorhombic
mb-mp-is-metal-079445,Ba12 Sb8 S28,False,15,monoclinic
mb-mp-is-metal-055911,In12 S14,False,11,monoclinic
mb-mp-is-metal-033711,Ge1 Te4 Pb3,False,123,tetragonal
mb-mp-is-metal-079448,Cs8 Mg4 Ge12 Se32,False,19,orthorhombic
mb-mp-is-metal-091906,Th2 Bi4,True,129,tetragonal
mb-mp-is-metal-100442,Ho2 Ti2 Ge2,True,129,tetragonal
mb-mp-is-metal-046242,Mn3 Pd1 N1,True,221,cubic
mb-mp-is-metal-054914,Fe2 P8,False,20,orthorhombic
mb-mp-is-metal-081993,Y1 Cd1 Hg2,True,225,cubic
mb-mp-is-metal-076466,Te4 Pb12 Cl16 O12,False,33,orthorhombic
mb-mp-is-metal-089280,Rb12 Zn4 B20 O40,False,14,monoclinic
mb-mp-is-metal-096647,Cs8 In8 S16,False,15,monoclinic
mb-mp-is-metal-055448,Bi4 Pb7 Se13,False,12,monoclinic
mb-mp-is-metal-091057,K2 Eu2 As2 S8,True,11,monoclinic
mb-mp-is-metal-087810,Cd8 Te8 O24,False,14,monoclinic
mb-mp-is-metal-087502,Tm1 In3,True,221,cubic
mb-mp-is-metal-020065,Li3 Mn2 Cu1 O6,True,12,monoclinic
mb-mp-is-metal-081741,Li3 Bi1,False,225,cubic
mb-mp-is-metal-040901,Nb17 Ir3 S40,True,12,monoclinic
mb-mp-is-metal-052417,Li4 In4 Ge2 S12,False,9,monoclinic
mb-mp-is-metal-064833,Sm6 Os2 O14,True,63,orthorhombic
mb-mp-is-metal-082680,Tb2 Be26,True,226,cubic
mb-mp-is-metal-052932,Tl8 Cd2 I12,False,128,tetragonal
mb-mp-is-metal-063718,Mn4 Co4 Si4,True,62,orthorhombic
mb-mp-is-metal-102497,Nd12 Ge8 Ru8,True,57,orthorhombic
mb-mp-is-metal-021067,Li6 Fe1 O6,True,148,trigonal
mb-mp-is-metal-094765,Ca20 Ir4,True,62,orthorhombic
mb-mp-is-metal-093388,Na32 Hg12,True,167,trigonal
mb-mp-is-metal-007061,Li6 Ti6 P8 O32,True,15,monoclinic
mb-mp-is-metal-094220,Pr1 Sb1,True,225,cubic
mb-mp-is-metal-037967,Mg9 Cu1 O10,True,12,monoclinic
mb-mp-is-metal-074400,Cs2 In2 Te6 O16,False,2,triclinic
mb-mp-is-metal-069738,Ca22 Ga14,True,225,cubic
mb-mp-is-metal-045439,Mg3 Tl1,True,139,tetragonal
mb-mp-is-metal-092082,Pm1 Mg1 Au2,True,225,cubic
mb-mp-is-metal-014354,Na4 Tl4,True,194,hexagonal
mb-mp-is-metal-002849,Yb16 Sb8 S45,True,12,monoclinic
mb-mp-is-metal-089594,La2 Al8 Co2,True,51,orthorhombic
mb-mp-is-metal-060808,Ca12 Bi12 O30,False,2,triclinic
mb-mp-is-metal-087833,Cd32 Sb16 I24,False,205,cubic
mb-mp-is-metal-099840,Dy1 Bi1 Pt1,True,216,cubic
mb-mp-is-metal-061206,Ag3 Pd1,True,139,tetragonal
mb-mp-is-metal-039854,Sm6 Te8,True,220,cubic
mb-mp-is-metal-046869,Ce8 Si4 Se4 O16,True,57,orthorhombic
mb-mp-is-metal-083316,Cs4 Hg6 S8,False,72,orthorhombic
mb-mp-is-metal-090742,Zr1 C1,True,225,cubic
mb-mp-is-metal-101865,Tl4 Te2 Br12,False,128,tetragonal
mb-mp-is-metal-069577,Ga1 Cu1 Ge1 Se4,False,82,tetragonal
mb-mp-is-metal-090762,Y1 Si2 Rh2,True,139,tetragonal
mb-mp-is-metal-079307,Ba4 Gd2 Ga2 Se10,False,2,triclinic
mb-mp-is-metal-098275,Dy10 Sn6,True,193,hexagonal
mb-mp-is-metal-033832,Sr2 Zn1 Re1 O6,True,87,tetragonal
mb-mp-is-metal-104063,Dy1 Al8 Cu4,True,139,tetragonal
mb-mp-is-metal-101963,Tl8 As8 S16,False,14,monoclinic
mb-mp-is-metal-079441,La32 Sb8 S60,False,110,tetragonal
mb-mp-is-metal-088921,Ho1 Cd1,True,221,cubic
mb-mp-is-metal-002542,Fe1 Cu1 S2,True,160,trigonal
mb-mp-is-metal-049889,Tb40 B28 C40,True,15,monoclinic
mb-mp-is-metal-082698,Zr6 Hg2,True,223,cubic
mb-mp-is-metal-090520,Nb1 Pt2,True,71,orthorhombic
mb-mp-is-metal-009715,Cr1 Fe2 Se4,True,8,monoclinic
mb-mp-is-metal-038938,Cd13 I28,True,156,trigonal
mb-mp-is-metal-051635,Pb2 Se1 S1,False,123,tetragonal
mb-mp-is-metal-026002,Li6 Fe9 Co1 O20,True,6,monoclinic
mb-mp-is-metal-008845,Nb6 Te2,True,223,cubic
mb-mp-is-metal-021299,Cr2 Co2 Ge2,True,194,hexagonal
mb-mp-is-metal-095926,K2 U2 Cu2 Se6,True,63,orthorhombic
mb-mp-is-metal-088826,Mg24 N16,False,206,cubic
mb-mp-is-metal-086550,Ho3 In3 Pt3,True,189,hexagonal
mb-mp-is-metal-083545,Y6 Ge8,True,63,orthorhombic
mb-mp-is-metal-020782,Ce5 Cu1 Se8,True,82,tetragonal
mb-mp-is-metal-084779,Ho3 Co9,True,166,trigonal
mb-mp-is-metal-014692,Ca3 In1,True,225,cubic
mb-mp-is-metal-087398,Dy1 Co2 Ge2,True,139,tetragonal
mb-mp-is-metal-103335,Th2 Te2 O2,False,129,tetragonal
mb-mp-is-metal-088592,Co4 Sb12,False,204,cubic
mb-mp-is-metal-050724,Ba24 In8 S38,False,148,trigonal
mb-mp-is-metal-091385,As8 Ir4,False,14,monoclinic
mb-mp-is-metal-081974,Tm2 Zn1 Os1,True,225,cubic
mb-mp-is-metal-015748,Mn1 In1 Cu2,True,225,cubic
mb-mp-is-metal-034612,Ti1 Al1 Au2,True,123,tetragonal
mb-mp-is-metal-039788,Na3 W4 O12,True,229,cubic
mb-mp-is-metal-089456,Lu3 In1 N1,True,221,cubic
mb-mp-is-metal-051798,Ba2 Sm1 Cu3 O7,True,47,orthorhombic
mb-mp-is-metal-059968,Cs1 Ge1 I3,False,8,monoclinic
mb-mp-is-metal-062965,Li2 H6 Se4 O12,False,7,monoclinic
mb-mp-is-metal-071518,La8 Hf4 S20,False,62,orthorhombic
mb-mp-is-metal-015735,Tm2 O3,False,164,trigonal
mb-mp-is-metal-089340,Rb2 Cd26,True,226,cubic
mb-mp-is-metal-004722,Sb2 Pt6,True,194,hexagonal
mb-mp-is-metal-017818,Ce2 H6 O6,True,176,hexagonal
mb-mp-is-metal-058717,Mg1 As4 Rh6,True,187,hexagonal
mb-mp-is-metal-006898,Li4 Nd2 Sb4,True,129,tetragonal
mb-mp-is-metal-051019,Er1 Re2 O8,True,147,trigonal
mb-mp-is-metal-100082,Th4 Pd12,True,194,hexagonal
mb-mp-is-metal-057083,Mg2 Ti22 O40,True,11,monoclinic
mb-mp-is-metal-081815,Pr1 P1,True,225,cubic
mb-mp-is-metal-027896,Y2 Cu1 O4,True,139,tetragonal
mb-mp-is-metal-102630,Pr27 Se40,True,1,triclinic
mb-mp-is-metal-082484,Ba5 In4 Te4 S7,False,44,orthorhombic
mb-mp-is-metal-081358,Na4 Mg1 Si2 Se6,False,5,monoclinic
mb-mp-is-metal-086520,Ce3 Mg3 Pt3,True,189,hexagonal
mb-mp-is-metal-041166,Cd4 Sn4 O12,False,62,orthorhombic
mb-mp-is-metal-081054,V2 Tc1 Ru1,True,225,cubic
mb-mp-is-metal-061948,Mn44 Si76,False,118,tetragonal
mb-mp-is-metal-082133,Nd1 Sm1 Hg2,True,225,cubic
mb-mp-is-metal-088778,Cs4 Nb2 Cu2 Se8,False,70,orthorhombic
mb-mp-is-metal-012337,Bi2 I6,False,11,monoclinic
mb-mp-is-metal-030467,Cd1 In1,True,187,hexagonal
mb-mp-is-metal-074406,Nd4 Mo4 O16 F4,False,14,monoclinic
mb-mp-is-metal-009214,Rh3 Pb1,True,139,tetragonal
mb-mp-is-metal-089483,Ba4 Ag4,True,62,orthorhombic
mb-mp-is-metal-101017,Ce2 Si2 Os2,True,129,tetragonal
mb-mp-is-metal-081712,Yb1 S1,False,225,cubic
mb-mp-is-metal-001440,Mg2 V9 O13,True,12,monoclinic
mb-mp-is-metal-090008,Gd1 Zn1,True,221,cubic
mb-mp-is-metal-057267,Ge1 Se1,False,225,cubic
mb-mp-is-metal-088774,Rb4 V2 Cu2 S8,False,70,orthorhombic
mb-mp-is-metal-080559,Sm16 Ga4 Sb4 S36,False,41,orthorhombic
mb-mp-is-metal-015227,Zn4 Sn4 O12,False,62,orthorhombic
mb-mp-is-metal-063200,Ga2 S2,False,166,trigonal
mb-mp-is-metal-070809,Co4 P4 S4,False,198,cubic
mb-mp-is-metal-103740,Sr10 V6 O24 F2,False,176,hexagonal
mb-mp-is-metal-011216,Li8 Fe12 Sn4 O32,True,4,monoclinic
mb-mp-is-metal-105479,P8 Pt4,False,205,cubic
mb-mp-is-metal-017221,Zn3 Cd1,True,139,tetragonal
mb-mp-is-metal-084066,Ca1 Pr1 Zn2,True,225,cubic
mb-mp-is-metal-103286,Ce1 Mn2 Si2,True,139,tetragonal
mb-mp-is-metal-019782,Zn2 In2 S5,True,160,trigonal
mb-mp-is-metal-093676,K4 Ce2 P4 O16,False,141,tetragonal
mb-mp-is-metal-081945,Dy2 Cu1 Os1,True,225,cubic
mb-mp-is-metal-000976,Dy2 Mn4,True,227,cubic
mb-mp-is-metal-010133,Li4 V5 Cu3 O16,True,8,monoclinic
mb-mp-is-metal-070039,Ti13 S24,True,2,triclinic
mb-mp-is-metal-103801,Li4 Cu2 F12,True,136,tetragonal
mb-mp-is-metal-094744,U8 Hg32 As16 Cl48,False,61,orthorhombic
mb-mp-is-metal-001485,Ti2 Fe2 H4,True,26,orthorhombic
mb-mp-is-metal-105999,Li1 Lu2 Ru1,True,225,cubic
mb-mp-is-metal-088489,Mn8 Nb4,True,194,hexagonal
mb-mp-is-metal-077369,Rb2 In2 Te6 O16,False,2,triclinic
mb-mp-is-metal-020789,Na11 Ti20 O40,True,12,monoclinic
mb-mp-is-metal-004023,Be12 Pt1,True,139,tetragonal
mb-mp-is-metal-020280,Zn4 Ge4 N8,False,14,monoclinic
mb-mp-is-metal-093396,Tl1 Cr5 S8,False,12,monoclinic
mb-mp-is-metal-060199,Sm1 Lu1 Tl2,True,225,cubic
mb-mp-is-metal-066242,Zn1 Cu2 Ge1 Se4,True,121,tetragonal
mb-mp-is-metal-100377,Yb4 Ga32 Co8,True,55,orthorhombic
mb-mp-is-metal-088552,Yb8 Sb6,True,220,cubic
mb-mp-is-metal-094587,Li2 U1 Mo2 O10,False,2,triclinic
mb-mp-is-metal-102398,La6 Cu2 Ge2 Se14,False,173,hexagonal
mb-mp-is-metal-000400,Bi4 O10,True,63,orthorhombic
mb-mp-is-metal-084019,Sc2 Cu1 Ru1,True,225,cubic
mb-mp-is-metal-042947,In4 S4,False,14,monoclinic
mb-mp-is-metal-042814,Zr12 Cr12 Si24,True,55,orthorhombic
mb-mp-is-metal-038063,Li7 Ni11 O22,True,2,triclinic
mb-mp-is-metal-005164,Li2 Nd1 As2,True,164,trigonal
mb-mp-is-metal-096386,Ba12 Tb8 P16 S64,False,60,orthorhombic
mb-mp-is-metal-094395,Cs4 Bi4 S8,False,14,monoclinic
mb-mp-is-metal-026504,Ce4 Mo4 O16 F4,False,14,monoclinic
mb-mp-is-metal-084828,Zn2 Si2 P4,False,122,tetragonal
mb-mp-is-metal-100360,Pd2 Pb4,True,140,tetragonal
mb-mp-is-metal-098628,Cd2 In4 S8,False,227,cubic
mb-mp-is-metal-078614,Rb4 Ta12 Te8 O48,False,57,orthorhombic
mb-mp-is-metal-000635,Bi4 Se4,True,14,monoclinic
mb-mp-is-metal-087452,Ni3 Ge1,True,221,cubic
mb-mp-is-metal-101897,Er10 Si6,True,193,hexagonal
mb-mp-is-metal-051892,Sr10 Al4 Si6 O1,True,71,orthorhombic
mb-mp-is-metal-076445,Nd8 Hf4 S20,False,62,orthorhombic
mb-mp-is-metal-068976,Tb8 Sb20,True,11,monoclinic
mb-mp-is-metal-102388,Cd2 Si2 P4,False,122,tetragonal
mb-mp-is-metal-075345,Na4 Zn2 Sn4 S12,False,43,orthorhombic
mb-mp-is-metal-059230,La2 Sc2 Si2,True,139,tetragonal
mb-mp-is-metal-092724,Ni8 Mo12 N4,True,213,cubic
mb-mp-is-metal-033864,Bi16 I4,True,12,monoclinic
mb-mp-is-metal-088691,Er8 Te12,False,70,orthorhombic
mb-mp-is-metal-012783,Sm4 U4 O17,True,65,orthorhombic
mb-mp-is-metal-026741,Rb8 Te4,False,194,hexagonal
mb-mp-is-metal-082034,Yb1 Pm1 Pt2,True,225,cubic
mb-mp-is-metal-060202,Sm2 As4 Au2,True,129,tetragonal
mb-mp-is-metal-082981,Ti1 Mn2 Al1,True,225,cubic
mb-mp-is-metal-094535,Mg20 B12 O36 F4,False,62,orthorhombic
mb-mp-is-metal-089747,Tl2 Cu2 Se4,True,122,tetragonal
mb-mp-is-metal-089256,Ta1 Rh3,True,221,cubic
mb-mp-is-metal-089543,Nd1 Al4 Ge2 Au1,True,166,trigonal
mb-mp-is-metal-000492,Mg4 Sn2,True,194,hexagonal
mb-mp-is-metal-086753,Nb1 Hg3 F6,True,162,trigonal
mb-mp-is-metal-047915,U1 Mn2 Si2,True,139,tetragonal
mb-mp-is-metal-089861,Nd8 Te12,False,62,orthorhombic
mb-mp-is-metal-087717,Ca12 Al8 Ge12,True,62,orthorhombic
mb-mp-is-metal-024346,Er2 Cu2 Pb2,True,194,hexagonal
mb-mp-is-metal-095667,Rb3 Cu8 S6,True,12,monoclinic
mb-mp-is-metal-103391,Ce1 Si2 Au2,True,139,tetragonal
mb-mp-is-metal-054867,Nb8 Ag16 P16 S64,False,62,orthorhombic
mb-mp-is-metal-097525,Sm1 Si2 Ag2,True,139,tetragonal
mb-mp-is-metal-060100,Li4 Ni3 Bi1 O8,True,166,trigonal
mb-mp-is-metal-088857,Zn1 Ga2 Se4,False,82,tetragonal
mb-mp-is-metal-061197,Sn2 I4,False,136,tetragonal
mb-mp-is-metal-053461,V4 Ga4 Te8 O32,False,14,monoclinic
mb-mp-is-metal-024742,Mn2 S2,True,225,cubic
mb-mp-is-metal-088367,Nd2 Ga4 Ni2,True,65,orthorhombic
mb-mp-is-metal-105049,Mg1 Rh1 F6,True,148,trigonal
mb-mp-is-metal-101866,Tl4 Te2 I12,False,14,monoclinic
mb-mp-is-metal-064702,Ce4 Sb6 Pd18,True,63,orthorhombic
mb-mp-is-metal-085939,Er1 B2 Ru3,True,191,hexagonal
mb-mp-is-metal-002969,Lu4 Fe2 S8,True,227,cubic
mb-mp-is-metal-006759,Er1 Cr2 Si2,True,139,tetragonal
mb-mp-is-metal-093753,K4 Ge4 Pb2 S12,False,15,monoclinic
mb-mp-is-metal-027214,Cs2 Sn6,True,194,hexagonal
mb-mp-is-metal-008109,Li3 Co4 Te1 O8,True,12,monoclinic
mb-mp-is-metal-105270,Ho4 B16,True,127,tetragonal
mb-mp-is-metal-083575,Sm4 In2,True,194,hexagonal
mb-mp-is-metal-096578,Rb4 Cu1 Si2 O7,False,2,triclinic
mb-mp-is-metal-005505,Li4 Ta4 O12,False,62,orthorhombic
mb-mp-is-metal-031015,W3 O7 F1,True,65,orthorhombic
mb-mp-is-metal-090677,La2 Si4,True,141,tetragonal
mb-mp-is-metal-058384,Ba4 Y2 Ga2 Te10,False,36,orthorhombic
mb-mp-is-metal-042502,Zn24 P16,False,206,cubic
mb-mp-is-metal-101782,P2 Pd3 S8,False,164,trigonal
mb-mp-is-metal-010221,Lu6 Ga2,True,194,hexagonal
mb-mp-is-metal-029531,La16 Cd16 In8 S52,False,55,orthorhombic
mb-mp-is-metal-033650,Tb2 Cu6 Te6,False,148,trigonal
mb-mp-is-metal-008201,Zr4 O8,False,62,orthorhombic
mb-mp-is-metal-095746,K8 Hg4 P8 Se24,False,14,monoclinic
mb-mp-is-metal-103595,Ce4 Tl8 P8 S28,True,14,monoclinic
mb-mp-is-metal-070163,Rb1 V1 P2 S7,True,5,monoclinic
mb-mp-is-metal-023800,Ba3 Co10 O17,True,166,trigonal
mb-mp-is-metal-017258,Zr2 H2 Cl2,True,164,trigonal
mb-mp-is-metal-097676,Ce4 P8 Pt16,True,62,orthorhombic
mb-mp-is-metal-058291,Eu2 In4 Se8,False,66,orthorhombic
mb-mp-is-metal-067783,Eu4 Tm8 Se16,False,62,orthorhombic
mb-mp-is-metal-088796,K8 Sb8,False,14,monoclinic
mb-mp-is-metal-076469,Cr4 B8 Pb24 O48,False,62,orthorhombic
mb-mp-is-metal-100447,Eu1 Zn2 Si2,True,139,tetragonal
mb-mp-is-metal-029830,U12 Co2,True,140,tetragonal
mb-mp-is-metal-022250,Na12 Mn8 Ge12 O48,True,230,cubic
mb-mp-is-metal-052763,Lu4 Mn4 Si4,True,62,orthorhombic
mb-mp-is-metal-009792,Sm4 I2 O4,True,12,monoclinic
mb-mp-is-metal-074478,U4 P8 S28,False,70,orthorhombic
mb-mp-is-metal-001272,Mn2 Co1 As1,True,216,cubic
mb-mp-is-metal-069392,B4 Pb28 Br12 O28,False,15,monoclinic
mb-mp-is-metal-028715,Co4 Ge2,True,194,hexagonal
mb-mp-is-metal-077045,K4 La4 Sb4 S18,False,55,orthorhombic
mb-mp-is-metal-004984,Li2 In2 Se4,False,141,tetragonal
mb-mp-is-metal-058410,Al4 V4 Te8 O32,False,14,monoclinic
mb-mp-is-metal-086465,Ca1 Cu5,True,191,hexagonal
mb-mp-is-metal-012736,K8 S4,False,194,hexagonal
mb-mp-is-metal-103001,Li1 Ca2 In1,True,225,cubic
mb-mp-is-metal-071019,Sr20 Ag20,True,62,orthorhombic
mb-mp-is-metal-018948,Li2 Si4 Ni5 O14,False,2,triclinic
mb-mp-is-metal-060205,Na3 Tl1,True,225,cubic
mb-mp-is-metal-056201,K2 Rb1 Sb1,False,225,cubic
mb-mp-is-metal-098040,Mg4 Ge4 N8,False,33,orthorhombic
mb-mp-is-metal-092352,U1 Au2,True,191,hexagonal
mb-mp-is-metal-088340,Ca1 Hg2,True,191,hexagonal
mb-mp-is-metal-049892,Dy1 B2 Rh2 C1,True,139,tetragonal
mb-mp-is-metal-048360,V2 Zn4 Bi2 O12,False,2,triclinic
mb-mp-is-metal-052857,Ce1 Al1 O3,True,221,cubic
mb-mp-is-metal-090569,V1 Pt2,True,71,orthorhombic
mb-mp-is-metal-025241,Zn3 Cu10 Te6 O36,True,1,triclinic
mb-mp-is-metal-046825,Ta8 Mn12 O32,False,88,tetragonal
mb-mp-is-metal-102956,Li1 Th1 Au2,True,225,cubic
mb-mp-is-metal-034649,Na2 Eu1 Ge1 Se4,False,121,tetragonal
mb-mp-is-metal-100688,Tb6 Mn4 C12,True,176,hexagonal
mb-mp-is-metal-042874,Tb22 S32,True,18,orthorhombic
mb-mp-is-metal-010751,Tl1 Bi1 Te2,False,166,trigonal
mb-mp-is-metal-038776,P8 Se20,False,14,monoclinic
mb-mp-is-metal-098516,Zr10 Si2 Sb6,True,193,hexagonal
mb-mp-is-metal-057179,La1 Bi1 Au2,True,225,cubic
mb-mp-is-metal-058757,Zr24 Te12,True,62,orthorhombic
mb-mp-is-metal-034891,Tb24 Pb4 Se40,False,1,triclinic
mb-mp-is-metal-014744,Fe4 Si2 Sn7 O16,True,164,trigonal
mb-mp-is-metal-097844,Cs8 Zr6 S28,False,15,monoclinic
mb-mp-is-metal-088776,Rb4 Nb2 Cu2 S8,False,70,orthorhombic
mb-mp-is-metal-082656,Sc1 Be5,True,191,hexagonal
mb-mp-is-metal-027226,Sm2 Ru1 Au1,True,225,cubic
mb-mp-is-metal-098221,Ca2 Pb2,True,123,tetragonal
mb-mp-is-metal-050782,Sb2 I2 F11,True,5,monoclinic
mb-mp-is-metal-032713,Tl1 Br1,False,221,cubic
mb-mp-is-metal-055180,Cs4 Li6 B10 O20,False,20,orthorhombic
mb-mp-is-metal-103562,Lu2 Ni2 B2 C2,True,129,tetragonal
mb-mp-is-metal-069799,Pr20 Si16,True,92,tetragonal
mb-mp-is-metal-052444,Er4 Bi4 W8 O36,False,62,orthorhombic
mb-mp-is-metal-088072,Cu4 Sb4 S8,False,62,orthorhombic
mb-mp-is-metal-095309,Cs2 Te1 I6,False,225,cubic
mb-mp-is-metal-037198,Tb6 La2,True,194,hexagonal
mb-mp-is-metal-069753,Na4 Ti6 O14,False,11,monoclinic
mb-mp-is-metal-095822,Cs3 Sb2 Br9,False,164,trigonal
mb-mp-is-metal-004950,Al2 N2,False,194,hexagonal
mb-mp-is-metal-015060,V4 Sb2 P6 O24,True,167,trigonal
mb-mp-is-metal-061933,Pr40 Se56 O4,False,142,tetragonal
mb-mp-is-metal-089768,Co4 P8,False,14,monoclinic
mb-mp-is-metal-091570,Rb1 In4,True,139,tetragonal
mb-mp-is-metal-081795,Mn1 Ge1 Rh2,True,225,cubic
mb-mp-is-metal-060379,Ti2 Zn6,True,194,hexagonal
mb-mp-is-metal-025731,Zr4 Al2,True,140,tetragonal
mb-mp-is-metal-000825,Yb2 Cu2 Ge2,True,164,trigonal
mb-mp-is-metal-062841,Ba7 Ru4 Br2 O15,True,166,trigonal
mb-mp-is-metal-037700,In1 Ga1 As2,True,160,trigonal
mb-mp-is-metal-100333,Yb4 Ge4 Rh4,True,62,orthorhombic
mb-mp-is-metal-081955,Mn2 V1 Si1,True,225,cubic
mb-mp-is-metal-072502,Na2 In2 I8 O24,False,14,monoclinic
mb-mp-is-metal-047030,Ti11 O18,True,1,triclinic
mb-mp-is-metal-086204,Y2 Fe2 Si2 C1,True,12,monoclinic
mb-mp-is-metal-033783,Si1 Te2,True,164,trigonal
mb-mp-is-metal-088240,K8 Ga12 Cu4 Se24,False,15,monoclinic
mb-mp-is-metal-063977,Li7 Mo12 S16,True,1,triclinic
mb-mp-is-metal-088897,Sm1 Co2 Si2,True,139,tetragonal
mb-mp-is-metal-105637,Ba1 Pt5,True,191,hexagonal
mb-mp-is-metal-072468,K4 Au2 I10 O30,False,36,orthorhombic
mb-mp-is-metal-050339,Rb6 Bi4 I18,False,15,monoclinic
mb-mp-is-metal-098485,K6 Nb4 As2 Se22,False,9,monoclinic
mb-mp-is-metal-047790,Li1 Cl1,False,225,cubic
mb-mp-is-metal-070313,Li4 Cd2 Sn2 S8,False,31,orthorhombic
mb-mp-is-metal-025050,Na1 Fe2 Si4 O12,True,5,monoclinic
mb-mp-is-metal-100860,Ca10 Au4,True,15,monoclinic
mb-mp-is-metal-057049,Zn12 N8,True,62,orthorhombic
mb-mp-is-metal-051269,P8 Os2,False,14,monoclinic
mb-mp-is-metal-100791,Ca1 Al2 Zn2,True,139,tetragonal
mb-mp-is-metal-017662,Tm2 Al2 Cu2,True,74,orthorhombic
mb-mp-is-metal-098419,Th1 Ge2 Pd2,True,139,tetragonal
mb-mp-is-metal-022766,Ca2 O2,False,194,hexagonal
mb-mp-is-metal-058289,Ga4 Pb2 Se8,False,66,orthorhombic
mb-mp-is-metal-060777,Si1 Bi12 O20,False,197,cubic
mb-mp-is-metal-005782,Ba24 N16,False,206,cubic
mb-mp-is-metal-035212,Sm3 Sc1,True,139,tetragonal
mb-mp-is-metal-061146,Yb2 Si2 Cu2,True,194,hexagonal
mb-mp-is-metal-041530,Y6 Zn30,True,194,hexagonal
mb-mp-is-metal-052804,Ag4 W24 Br56,True,201,cubic
mb-mp-is-metal-095127,Li2 Pr1 In1,True,225,cubic
mb-mp-is-metal-103669,Cu3 As1 Se4,True,121,tetragonal
mb-mp-is-metal-095576,Cs4 Ge4 B12 O28,False,33,orthorhombic
mb-mp-is-metal-053038,Li8 Ti1 Ni7 O16,True,1,triclinic
mb-mp-is-metal-096595,Hg4 Sb4 O14,True,227,cubic
mb-mp-is-metal-077940,As4 Os4 S4,False,14,monoclinic
mb-mp-is-metal-091779,Nd4 Ni14 P8,True,31,orthorhombic
mb-mp-is-metal-088498,Nd2 Sn4,True,65,orthorhombic
mb-mp-is-metal-081844,Li1 Ta1 Rh2,True,225,cubic
mb-mp-is-metal-093234,Cs2 Sm2 Zn2 Se6,False,63,orthorhombic
mb-mp-is-metal-022639,Li1 Sb1 Se2,True,123,tetragonal
mb-mp-is-metal-091025,La16 P8 C8,True,1,triclinic
mb-mp-is-metal-100969,Nd1 B1 Rh3,True,221,cubic
mb-mp-is-metal-092499,Sr1 Te1,False,225,cubic
mb-mp-is-metal-105205,K2 Bi4,True,227,cubic
mb-mp-is-metal-087965,Sn4 Rh4,True,198,cubic
mb-mp-is-metal-103429,Y3 Mg3 Ga3,True,189,hexagonal
mb-mp-is-metal-094820,Eu2 Co16 P10,True,59,orthorhombic
mb-mp-is-metal-043141,Li4 Ti5 Cr3 O16,True,8,monoclinic
mb-mp-is-metal-088213,Na2 Yb2 P4 S12,False,2,triclinic
mb-mp-is-metal-018691,Ag1 Sb1 Se2,True,123,tetragonal
mb-mp-is-metal-094884,K8 Mn4 Sn4 Se16,False,118,tetragonal
mb-mp-is-metal-085896,Cu2 Bi2 Se2 O2,False,129,tetragonal
mb-mp-is-metal-100274,Dy4 Si4 Ir4,True,62,orthorhombic
mb-mp-is-metal-009094,Li2 V4 Ni2 O12,True,15,monoclinic
mb-mp-is-metal-104471,Gd1 Ni2 Ge2,True,139,tetragonal
mb-mp-is-metal-087998,Nd2 Fe2 Si4,True,63,orthorhombic
mb-mp-is-metal-092240,Th2 As2 Se2,True,129,tetragonal
mb-mp-is-metal-055231,B2 P2,False,186,hexagonal
mb-mp-is-metal-096823,Th2 Rh4,True,194,hexagonal
mb-mp-is-metal-007686,Sb20 I4 O28,False,7,monoclinic
mb-mp-is-metal-104267,Cd2 Ge2 As4,False,122,tetragonal
mb-mp-is-metal-076595,K12 Cd4 B20 O40,False,14,monoclinic
mb-mp-is-metal-097661,Nd16 Mg4 Ru4,True,216,cubic
mb-mp-is-metal-065329,Tl18 S9,False,143,trigonal
mb-mp-is-metal-057935,Ce2 Zn1 Ni2,True,71,orthorhombic
mb-mp-is-metal-045213,Cu1 Pt1 O2,True,47,orthorhombic
mb-mp-is-metal-097668,Ce8 As8 Se8,True,62,orthorhombic
mb-mp-is-metal-094437,K4 Sm2 P4 S14,False,5,monoclinic
mb-mp-is-metal-101220,Ge8 As16,False,55,orthorhombic
mb-mp-is-metal-074105,Cs2 Si1 B4 O9,False,5,monoclinic
mb-mp-is-metal-103411,Eu2 Cl2 O2,True,129,tetragonal
mb-mp-is-metal-091765,Li24 Pt12 O36,False,5,monoclinic
mb-mp-is-metal-063929,Nd2 Pt2,True,63,orthorhombic
mb-mp-is-metal-105646,Th2 S2 O2,False,129,tetragonal
mb-mp-is-metal-050091,Li4 Mg1 Ni3 O8,True,166,trigonal
mb-mp-is-metal-007221,K3 Sn1,True,225,cubic
mb-mp-is-metal-066874,Ag4 P4 Pb2 O14,False,2,triclinic
mb-mp-is-metal-052963,In5 Cu1 S8,False,216,cubic
mb-mp-is-metal-060923,Na2 Sb2 P4 S12,False,4,monoclinic
mb-mp-is-metal-028299,Ca4 F8,False,62,orthorhombic
mb-mp-is-metal-091299,Ba8 Cd8 Sn8 S32,False,43,orthorhombic
mb-mp-is-metal-011073,Sn1 Sb3 P4 O16,True,6,monoclinic
mb-mp-is-metal-002006,Mg1 Ag1 As1,True,216,cubic
mb-mp-is-metal-080912,Na2 In2 Te4,False,140,tetragonal
mb-mp-is-metal-090668,Na1 In1 S2,False,166,trigonal
mb-mp-is-metal-089173,Ce8 Si6 Rh8,True,15,monoclinic
mb-mp-is-metal-049242,Tb2 Se4,True,129,tetragonal
mb-mp-is-metal-055287,Zn1 Cu2 Sn1 Te4,True,121,tetragonal
mb-mp-is-metal-050720,As4 P4 Pt4,False,198,cubic
mb-mp-is-metal-101323,Th1 Fe2 Ge2,True,139,tetragonal
mb-mp-is-metal-016179,V3 Cr1 O10,True,115,tetragonal
mb-mp-is-metal-035304,Ti4 O5,True,87,tetragonal
mb-mp-is-metal-089211,Ba8 Al10 B12 O41,False,2,triclinic
mb-mp-is-metal-044228,Ca12 Ti8 Si12 O48,True,230,cubic
mb-mp-is-metal-043351,Sm3 Al1,True,221,cubic
mb-mp-is-metal-002099,Ca4 Bi6 O13,False,1,triclinic
mb-mp-is-metal-052455,Cs4 Li4 B24 O40,False,17,orthorhombic
mb-mp-is-metal-092389,Lu2 Ir4,True,227,cubic
mb-mp-is-metal-086894,Cs2 W2 Cl12,True,15,monoclinic
mb-mp-is-metal-070856,Zn8 Cu16 Si8 Se32,False,121,tetragonal
mb-mp-is-metal-088470,Th2 Cr1 N3,True,71,orthorhombic
mb-mp-is-metal-033254,Tm1 U2 S3 O2,True,139,tetragonal
mb-mp-is-metal-105432,Ce1 Hg1,True,221,cubic
mb-mp-is-metal-102396,Er1 Cu2 Ge2,True,139,tetragonal
mb-mp-is-metal-101924,Sr2 La4 S8,False,122,tetragonal
mb-mp-is-metal-104513,Ca5 B3 O9 F1,False,8,monoclinic
mb-mp-is-metal-005887,Al8 Sb8,False,205,cubic
mb-mp-is-metal-105991,Nd1 Tl1 Ag2,True,225,cubic
mb-mp-is-metal-033753,As2 P2 Ru2,False,10,monoclinic
mb-mp-is-metal-025822,K4 P4 H8 O16,False,19,orthorhombic
mb-mp-is-metal-023690,Sn2 S2,False,63,orthorhombic
mb-mp-is-metal-041148,Ni14 P16 O56,True,20,orthorhombic
mb-mp-is-metal-005933,Ta4 Tl2 O12,True,74,orthorhombic
mb-mp-is-metal-048281,Li2 Cd1 Ge1,True,225,cubic
mb-mp-is-metal-048977,Mg6 Mn4 Al36,True,227,cubic
mb-mp-is-metal-014372,In1 Cu1 S2,False,160,trigonal
mb-mp-is-metal-010724,Ba1 Bi1 Cl1 O2,False,107,tetragonal
mb-mp-is-metal-095508,Pr4 Ir4 O14,True,227,cubic
mb-mp-is-metal-089623,Be1 Pd2,True,139,tetragonal
mb-mp-is-metal-032755,Ba2 Cu1 W1 O6,True,87,tetragonal
mb-mp-is-metal-057656,Ga2 Se3,False,44,orthorhombic
mb-mp-is-metal-048929,Sn1 I4,False,215,cubic
mb-mp-is-metal-063298,Sr2 Mg1 Re1 O6,True,225,cubic
mb-mp-is-metal-097954,Tb2 Sb1 O2,True,139,tetragonal
mb-mp-is-metal-035110,Ba8 Ta7 O24,True,156,trigonal
mb-mp-is-metal-087873,Ce2 Si2 I2,True,164,trigonal
mb-mp-is-metal-057048,Ce6 Ta2 O14,True,63,orthorhombic
mb-mp-is-metal-064990,Ge12 Ru8,False,116,tetragonal
mb-mp-is-metal-092171,Gd2 Se4,True,129,tetragonal
mb-mp-is-metal-035244,Co3 W1,True,221,cubic
mb-mp-is-metal-024041,Li4 Mn5 Ni3 O16,True,8,monoclinic
mb-mp-is-metal-104465,Ce12 Lu4 Se24,True,58,orthorhombic
mb-mp-is-metal-090048,Ba4 Hg4 S8,False,26,orthorhombic
mb-mp-is-metal-012715,Ba6 Cr2 S10,True,185,hexagonal
mb-mp-is-metal-010733,Lu2 O3,False,164,trigonal
mb-mp-is-metal-029748,Rb1 I1,False,221,cubic
mb-mp-is-metal-027782,Mg4 Tc2 O8,True,74,orthorhombic
mb-mp-is-metal-065416,Gd4 Zn34,True,194,hexagonal
mb-mp-is-metal-093269,In6 Au20,True,176,hexagonal
mb-mp-is-metal-052014,Tl4 Mo14 O44,True,15,monoclinic
mb-mp-is-metal-085109,Re4 P4 O20,True,15,monoclinic
mb-mp-is-metal-095109,Ca1 B6,True,221,cubic
mb-mp-is-metal-047963,Cr4 Cu3 Te8,True,44,orthorhombic
mb-mp-is-metal-043959,Na2 H6 Se4 O12,False,14,monoclinic
mb-mp-is-metal-047977,Gd16 S24,False,122,tetragonal
mb-mp-is-metal-095807,Ce6 B2 C3 Br3,True,10,monoclinic
mb-mp-is-metal-034539,La16 Fe4 Sb8 S40,False,57,orthorhombic
mb-mp-is-metal-074506,Sr8 V12 Se20 O72,False,62,orthorhombic
mb-mp-is-metal-041335,Mg8 Pb4,True,62,orthorhombic
mb-mp-is-metal-093213,Cd1 Ga2 Se4,False,82,tetragonal
mb-mp-is-metal-098606,Tl8 Bi4 P8 S28,False,15,monoclinic
mb-mp-is-metal-082127,Mg1 In1 Ag2,True,225,cubic
mb-mp-is-metal-094855,Rb8 In8 S16,False,15,monoclinic
mb-mp-is-metal-086152,Pr2 Ni2 Ge4,True,63,orthorhombic
mb-mp-is-metal-100435,Y2 In4 Ni2,True,63,orthorhombic
mb-mp-is-metal-100411,Ba8 In16 S32,False,70,orthorhombic
mb-mp-is-metal-087497,Sr1 Pb3,True,221,cubic
mb-mp-is-metal-000450,Yb2 Se2,False,194,hexagonal
mb-mp-is-metal-088322,Sc1 Ag1,True,221,cubic
mb-mp-is-metal-100257,Ta2 As2,True,109,tetragonal
mb-mp-is-metal-045998,Al16 Se24,False,141,tetragonal
mb-mp-is-metal-038873,Sr8 Co8 O23,True,139,tetragonal
mb-mp-is-metal-068878,Ga8 Se8,False,186,hexagonal
mb-mp-is-metal-007118,Li2 Fe3 Co1 O8,True,160,trigonal
mb-mp-is-metal-059401,Li4 In4 Si2 Se12,False,9,monoclinic
mb-mp-is-metal-102124,Gd2 Zn2 In2,True,194,hexagonal
mb-mp-is-metal-101438,Hg2 Br2,False,139,tetragonal
mb-mp-is-metal-072654,Mg2 Cu4 Si2 S8,False,31,orthorhombic
mb-mp-is-metal-035849,Sn16 W8 O40,False,14,monoclinic
mb-mp-is-metal-089238,Eu4 Al8 O16,True,4,monoclinic
mb-mp-is-metal-100177,Rb3 Ag6 Sb3 S12,False,154,trigonal
mb-mp-is-metal-088666,Ta4 Pt2 Se14,True,12,monoclinic
mb-mp-is-metal-001176,U2 O4,True,136,tetragonal
mb-mp-is-metal-099469,Ba1 Ge3 Pt1,True,107,tetragonal
mb-mp-is-metal-093320,Nd1 In5 Rh1,True,123,tetragonal
mb-mp-is-metal-055965,Cs2 Nb12 I22,True,182,hexagonal
mb-mp-is-metal-100359,U1 Si2 Ni2,True,139,tetragonal
mb-mp-is-metal-049714,Ba1 Ga2 Ge1 Se6,False,1,triclinic
mb-mp-is-metal-040777,Gd6 Re2 O14,True,63,orthorhombic
mb-mp-is-metal-011172,Na2 Cr7 O14,True,166,trigonal
mb-mp-is-metal-092224,Pr2 Ge2 Au2,True,186,hexagonal
mb-mp-is-metal-103024,Tb2 Al6 C6,True,194,hexagonal
mb-mp-is-metal-091378,Cu2 Ir4 S8,True,227,cubic
mb-mp-is-metal-087119,Li1 Al1 Rh2,True,225,cubic
mb-mp-is-metal-016378,Te20 Pb20,False,31,orthorhombic
mb-mp-is-metal-077409,Rb4 Y4 Te8 O24,False,62,orthorhombic
mb-mp-is-metal-039884,In6 Bi14 Pb8 S36,True,11,monoclinic
mb-mp-is-metal-090786,Co1 N1,True,216,cubic
mb-mp-is-metal-093101,Pm1 Cd1 Pd2,True,225,cubic
mb-mp-is-metal-039861,Mn2 As2,True,194,hexagonal
mb-mp-is-metal-089465,Sc6 Te2 Os1,True,189,hexagonal
mb-mp-is-metal-085132,Tm1 Mg1 Ag2,True,225,cubic
mb-mp-is-metal-012689,Yb1 Al3,True,221,cubic
mb-mp-is-metal-049200,Lu2 Mg1 Hg1,True,225,cubic
mb-mp-is-metal-039956,Ce8 S8 O4,True,14,monoclinic
mb-mp-is-metal-065762,Ba10 In8 Bi10,True,104,tetragonal
mb-mp-is-metal-040796,Li7 Ti7 O16,True,160,trigonal
mb-mp-is-metal-100380,Tm10 Ge20 Rh8,True,127,tetragonal
mb-mp-is-metal-042221,Ti1 Fe2 Sb1,True,225,cubic
mb-mp-is-metal-021610,Ti1 Co1 Sn1,True,216,cubic
mb-mp-is-metal-084680,Ni8 Mo16 C4,True,227,cubic
mb-mp-is-metal-058196,Nd2 Zn1 Ga1,True,225,cubic
mb-mp-is-metal-100058,Nd4 Re16 Si8,True,58,orthorhombic
mb-mp-is-metal-035859,Ti2 Se2,True,194,hexagonal
mb-mp-is-metal-087801,P4 Pd2,False,15,monoclinic
mb-mp-is-metal-071750,Sr4 Sm2 Ta2 O12,False,14,monoclinic
mb-mp-is-metal-096151,Li4 Ga4 Se8,False,33,orthorhombic
mb-mp-is-metal-043664,Ge1 Te5 Pb4,False,166,trigonal
mb-mp-is-metal-052842,Ca4 Sn4 O12,False,62,orthorhombic
mb-mp-is-metal-053838,Pr16 S24,False,122,tetragonal
mb-mp-is-metal-029380,Ba4 Y2 In2 Te10,False,36,orthorhombic
mb-mp-is-metal-098716,La1 Si2 Os2,True,139,tetragonal
mb-mp-is-metal-104232,Er1 Zn12,True,139,tetragonal
mb-mp-is-metal-100820,Ba3 Li4 Sn8,True,12,monoclinic
mb-mp-is-metal-002143,Ba2 O2,False,129,tetragonal
mb-mp-is-metal-085080,Pm2 Cu1 Ge1,True,225,cubic
mb-mp-is-metal-068210,Na16 Be32 B32 O88,False,1,triclinic
mb-mp-is-metal-017981,Li12 Fe5 O16,True,1,triclinic
mb-mp-is-metal-103061,Pr2 B4 Ru4,True,70,orthorhombic
mb-mp-is-metal-084018,Cd2 Ag1 Rh1,True,225,cubic
mb-mp-is-metal-047110,Li2 Mn2 Cu2 O8,True,74,orthorhombic
mb-mp-is-metal-090923,Nd4 B2 C2,True,12,monoclinic
mb-mp-is-metal-093312,Zr10 Sn6,True,193,hexagonal
mb-mp-is-metal-079150,Li4 Zn2 Sn2 S8,False,7,monoclinic
mb-mp-is-metal-032730,Ce1 Cd2 Ag1,True,225,cubic
mb-mp-is-metal-055914,Rb20 Tl12 O4,True,63,orthorhombic
mb-mp-is-metal-089973,Zn1 In2 Te4,False,82,tetragonal
mb-mp-is-metal-044931,Zr4 H2 Br4,True,12,monoclinic
mb-mp-is-metal-098900,U4 Sn2 Rh4,True,127,tetragonal
mb-mp-is-metal-100443,V6 Pt2,True,223,cubic
mb-mp-is-metal-051198,Rb2 Hg6,True,194,hexagonal
mb-mp-is-metal-101838,Sc12 Si16 Re8,True,15,monoclinic
mb-mp-is-metal-080941,Li4 Ga4 S8,False,33,orthorhombic
mb-mp-is-metal-105628,Lu1 Pt3,True,221,cubic
mb-mp-is-metal-088639,Rb2 U2 Ag2 S6,True,63,orthorhombic
mb-mp-is-metal-055185,Sc1 Zn1 Ni2,True,225,cubic
mb-mp-is-metal-104470,Tb8 Eu4 Se16,True,62,orthorhombic
mb-mp-is-metal-085780,La1 Cd2,True,191,hexagonal
mb-mp-is-metal-082909,Ho1 Mg1 Au2,True,225,cubic
mb-mp-is-metal-000612,V2 O5,False,12,monoclinic
mb-mp-is-metal-082696,Nd1 Sb1,True,225,cubic
mb-mp-is-metal-088947,Ti1 Te2,True,164,trigonal
mb-mp-is-metal-104940,Yb3 Ag3 Ge3,True,189,hexagonal
mb-mp-is-metal-099427,Zr8 Co8 Ge14,True,139,tetragonal
mb-mp-is-metal-102189,Ce3 Pd5,True,189,hexagonal
mb-mp-is-metal-069415,Cd12 Ge17 B8 O58,False,81,tetragonal
mb-mp-is-metal-101221,Ho4 Ge10 Rh6,True,15,monoclinic
mb-mp-is-metal-090241,K1 Eu1 S2,True,166,trigonal
mb-mp-is-metal-033049,Li4 Nb1 Ni3 O8,True,166,trigonal
mb-mp-is-metal-085239,Zn1 Cu2 Si1 Te4,False,121,tetragonal
mb-mp-is-metal-069912,K4 Ge6 B4 O20,False,5,monoclinic
mb-mp-is-metal-065613,Eu1 P1 Pt1,True,187,hexagonal
mb-mp-is-metal-082860,Li1 Y2 Ru1,True,225,cubic
mb-mp-is-metal-097628,Ba8 Yb8 Sn24,True,64,orthorhombic
mb-mp-is-metal-061815,Sc5 N1 Cl8,True,12,monoclinic
mb-mp-is-metal-056215,Te3 As2,False,166,trigonal
mb-mp-is-metal-092004,Cr12 P4,True,82,tetragonal
mb-mp-is-metal-090728,As4 Os2,False,58,orthorhombic
mb-mp-is-metal-105768,Ta1 Al3,True,139,tetragonal
mb-mp-is-metal-100139,Sr32 Al28,True,198,cubic
mb-mp-is-metal-048283,Cu2 Ge1 S3,False,44,orthorhombic
mb-mp-is-metal-086930,Nd8 Ge6 Rh8,True,15,monoclinic
mb-mp-is-metal-098784,Gd1 Si2 Ru2,True,139,tetragonal
mb-mp-is-metal-083507,Li1 In2 Rh1,True,225,cubic
mb-mp-is-metal-007074,Li2 Fe5 O10,True,2,triclinic
mb-mp-is-metal-075349,Ba2 Cd1 B6 O12,False,148,trigonal
mb-mp-is-metal-087364,Ni4 Te6 O16,False,15,monoclinic
mb-mp-is-metal-073434,Cs8 Zn4 Ge12 Se32,False,19,orthorhombic
mb-mp-is-metal-020021,Mn6 O4 F12,True,14,monoclinic
mb-mp-is-metal-021819,Ce12 Nb4 S12 O16,True,55,orthorhombic
mb-mp-is-metal-059415,Na8 In8 Te16 O48,False,61,orthorhombic
mb-mp-is-metal-066436,Ba4 Sn8 S20,False,56,orthorhombic
mb-mp-is-metal-079205,Bi2 Te3,False,12,monoclinic
mb-mp-is-metal-088978,Zr1 Se2,False,164,trigonal
mb-mp-is-metal-086978,Sc6 Fe4 Si6,True,63,orthorhombic
mb-mp-is-metal-002212,Ti2 Al1 V1,True,216,cubic
mb-mp-is-metal-046567,Zn1 Hg4 Te5,False,160,trigonal
mb-mp-is-metal-003004,Ce1 Mg2 Ag1,True,225,cubic
mb-mp-is-metal-042949,Ce20 B20 C20,True,19,orthorhombic
mb-mp-is-metal-088602,Cd8 Sb8,False,61,orthorhombic
mb-mp-is-metal-069163,La6 Te8,True,220,cubic
mb-mp-is-metal-084679,Tm4 In2,True,194,hexagonal
mb-mp-is-metal-045954,Pb8 Cl16,False,14,monoclinic
mb-mp-is-metal-075938,Ba3 Ta2 Zn1 O9,False,164,trigonal
mb-mp-is-metal-033708,Ho2 Cu6 Te6,False,148,trigonal
mb-mp-is-metal-101151,Si8 Cu30,True,220,cubic
mb-mp-is-metal-104409,Zr6 Ge6 Ru6,True,46,orthorhombic
mb-mp-is-metal-103982,Cs4 Ag8 As4 S12,False,14,monoclinic
mb-mp-is-metal-105549,Zn8 Sb8,False,61,orthorhombic
mb-mp-is-metal-087096,Sm1 B6,True,221,cubic
mb-mp-is-metal-057346,K4 I4 O12,False,5,monoclinic
mb-mp-is-metal-070219,Yb2 W2 Cl2 O8,False,2,triclinic
mb-mp-is-metal-016292,Te4 W4 Se2 S2,True,156,trigonal
mb-mp-is-metal-100115,Lu2 Ag1 Au1,True,225,cubic
mb-mp-is-metal-071455,Ba12 P12 Cl4 O40,False,29,orthorhombic
mb-mp-is-metal-102109,Zr1 Ni1 Sn1,False,216,cubic
mb-mp-is-metal-052805,Ba1 Ti1 O3,False,221,cubic
mb-mp-is-metal-091062,Ga1 Tc1,True,187,hexagonal
mb-mp-is-metal-054207,Nd1 Er1 Zn2,True,225,cubic
mb-mp-is-metal-064826,Bi10 I2 O14,False,12,monoclinic
mb-mp-is-metal-002434,Mg2 V8 O12,True,63,orthorhombic
mb-mp-is-metal-100205,Ca4 Al32 Co8,True,55,orthorhombic
mb-mp-is-metal-027733,Li2 Hg1 Ge1,True,225,cubic
mb-mp-is-metal-039747,Mn1 Te1 Pd1,True,216,cubic
mb-mp-is-metal-086947,Tl1 Cr5 Se8,False,12,monoclinic
mb-mp-is-metal-081159,Tm1 Th1 Ru2,True,225,cubic
mb-mp-is-metal-080051,K10 Zn4 Sn4 S17,False,160,trigonal
mb-mp-is-metal-069147,Li1 Sc1 Hg2,True,225,cubic
mb-mp-is-metal-000274,Na4 Cl2,True,123,tetragonal
mb-mp-is-metal-042699,La6 Ga2 Cu2 Se14,True,173,hexagonal
mb-mp-is-metal-063176,Tm2 Zn1 Ga1,True,225,cubic
mb-mp-is-metal-101187,Sr2 Ni10 As6,True,63,orthorhombic
mb-mp-is-metal-049775,Ce3 Al1,True,221,cubic
mb-mp-is-metal-056178,Ca2 Zn1 Rh1,True,225,cubic
mb-mp-is-metal-003194,Zn2 Sn6,True,194,hexagonal
mb-mp-is-metal-063414,La6 Mo8 O32 F2,False,2,triclinic
mb-mp-is-metal-073383,Pb4 Se2 N4 O18,False,31,orthorhombic
mb-mp-is-metal-105017,Cs2 Na1 Mg1 F6,True,225,cubic
mb-mp-is-metal-062798,Cs3 Sb2 I9,False,164,trigonal
mb-mp-is-metal-065225,Y1 Al2 Si2,True,164,trigonal
mb-mp-is-metal-047875,Cr4 Pb4 O16,False,62,orthorhombic
mb-mp-is-metal-070463,Cs6 Nb18 Te8 O64,False,63,orthorhombic
mb-mp-is-metal-048713,K2 Nd2 Ti3 O10,False,42,orthorhombic
mb-mp-is-metal-035828,Ba2 Al4,True,227,cubic
mb-mp-is-metal-080369,Sr4 Sc2 Sb2 O12,False,14,monoclinic
mb-mp-is-metal-044468,Sm2 Mn3 Sb4 S12,False,12,monoclinic
mb-mp-is-metal-082172,Ho1 Cu4 Pd1,True,216,cubic
mb-mp-is-metal-103025,Yb2 Ga4 Pd2,True,63,orthorhombic
mb-mp-is-metal-047757,Yb2 P2 O8,True,88,tetragonal
mb-mp-is-metal-056973,K2 Zn8 B6 O18,False,13,monoclinic
mb-mp-is-metal-105486,Ba1 B2 Rh2,True,139,tetragonal
mb-mp-is-metal-103668,K1 Fe2 As2,True,139,tetragonal
mb-mp-is-metal-028803,Ho2 Al2 B28,True,74,orthorhombic
mb-mp-is-metal-099466,Pb4 Se4 O16,False,14,monoclinic
mb-mp-is-metal-099428,Eu2 C1 N2 O2,True,164,trigonal
mb-mp-is-metal-022706,Sn2 Hg2 O6,True,167,trigonal
mb-mp-is-metal-086657,Bi2 Br2 O2,False,129,tetragonal
mb-mp-is-metal-024413,Na6 Cl6,False,194,hexagonal
mb-mp-is-metal-062368,Cs4 Cu4 Sb4 S10,False,2,triclinic
mb-mp-is-metal-068656,Nb3 Fe20 B6,True,225,cubic
mb-mp-is-metal-041959,Li4 W1 O5,False,79,tetragonal
mb-mp-is-metal-000769,Fe8 O12,False,62,orthorhombic
mb-mp-is-metal-099491,Lu4 Si4 Ir4,True,62,orthorhombic
mb-mp-is-metal-022562,Ba8 Ga4 Bi4 Te20,False,62,orthorhombic
mb-mp-is-metal-103030,Yb2 Si4 Ni2,True,63,orthorhombic
mb-mp-is-metal-085829,Zr2 Se6,False,11,monoclinic
mb-mp-is-metal-087997,Tm1 Ni2 Ge2,True,139,tetragonal
mb-mp-is-metal-066629,K8 Sn8 Au8 S24,False,103,tetragonal
mb-mp-is-metal-054813,Ca2 Nd4 S8,False,122,tetragonal
mb-mp-is-metal-015569,Co2 Pb2 O6,True,148,trigonal
mb-mp-is-metal-043772,Li1 Br1,False,225,cubic
mb-mp-is-metal-098575,Li2 As2 S4,False,9,monoclinic
mb-mp-is-metal-089393,Lu3 Tl1 C1,True,221,cubic
mb-mp-is-metal-003495,Mg4 Ga2,True,164,trigonal
mb-mp-is-metal-102104,Be1 Si1 Os2,True,225,cubic
mb-mp-is-metal-083601,Li3 Yb3 Pb3,True,187,hexagonal
mb-mp-is-metal-071951,Ba4 Sm2 Ta2 O12,False,225,cubic
mb-mp-is-metal-083901,Cd2 Hg8 As4 I8,False,4,monoclinic
mb-mp-is-metal-030492,U2 Al6,True,194,hexagonal
mb-mp-is-metal-089938,K12 Cd2 Te8,False,186,hexagonal
mb-mp-is-metal-101778,Rb1 Bi1 S2,False,166,trigonal
mb-mp-is-metal-098075,Pm1 Mg1 Cd2,True,225,cubic
mb-mp-is-metal-079953,Sr8 Te6 Cl8 O16,False,5,monoclinic
mb-mp-is-metal-017743,Re8 W12 C4,True,213,cubic
mb-mp-is-metal-047916,La8 Rh28,True,194,hexagonal
mb-mp-is-metal-069976,Sr1 Mg1 In3,True,119,tetragonal
mb-mp-is-metal-083059,Eu1 Sn1 Au2,True,225,cubic
mb-mp-is-metal-078451,Cs4 Sn6 Sb4 S20,False,14,monoclinic
mb-mp-is-metal-095922,Eu1 Fe2 Si2,True,139,tetragonal
mb-mp-is-metal-077411,Sr4 Th4 P8 S32,False,135,tetragonal
mb-mp-is-metal-058713,Ba2 Yb1 Cu4 O8,True,65,orthorhombic
mb-mp-is-metal-056206,Y1 Tm1 Cu2,True,225,cubic
mb-mp-is-metal-002857,Tc3 Pd1,True,166,trigonal
mb-mp-is-metal-051940,Hf1 Ni5,True,216,cubic
mb-mp-is-metal-056075,Be4 O4,False,136,tetragonal
mb-mp-is-metal-043808,Er8 Sn4 Au8,True,136,tetragonal
mb-mp-is-metal-073426,Ba8 Hg4 S20,False,62,orthorhombic
mb-mp-is-metal-030517,Eu4 Sb8 S16,False,62,orthorhombic
mb-mp-is-metal-062428,Ag28 As4 Se24,True,198,cubic
mb-mp-is-metal-088344,Dy1 Cd2,True,191,hexagonal
mb-mp-is-metal-104048,K1 Ti5 Se8,True,12,monoclinic
mb-mp-is-metal-065333,Ba4 Er2 In2 Se10,False,36,orthorhombic
mb-mp-is-metal-093805,Li2 Mo2 I2 O12,False,4,monoclinic
mb-mp-is-metal-095757,Nd4 Al32 Co8,True,55,orthorhombic
mb-mp-is-metal-099126,Y2 Si4 Re8,True,136,tetragonal
mb-mp-is-metal-100329,Sr4 Pb4 O12,False,62,orthorhombic
mb-mp-is-metal-092799,Ba6 Bi4 Te2 O18,False,165,trigonal
mb-mp-is-metal-039474,Ba4 Na2 Cu6 S10,False,12,monoclinic
mb-mp-is-metal-090029,Nd2 Te4,True,129,tetragonal
mb-mp-is-metal-059179,Er4 Mn2 C8,True,72,orthorhombic
mb-mp-is-metal-056908,P8 O20,False,161,trigonal
mb-mp-is-metal-024731,U1 Al1 Ni4,True,216,cubic
mb-mp-is-metal-091131,Pr1 Tl1 Se2,False,166,trigonal
mb-mp-is-metal-036737,Nd1 Cu3 Ru4 O12,True,204,cubic
mb-mp-is-metal-094830,Ba8 Ca8 Sn24,True,64,orthorhombic
mb-mp-is-metal-083173,Tm1 Cu4 Ag1,True,216,cubic
mb-mp-is-metal-001043,Zn1 I2,False,166,trigonal
mb-mp-is-metal-093407,Rb4 Cd2 P4 Se12,False,14,monoclinic
mb-mp-is-metal-025809,Zr2 Te2,True,194,hexagonal
mb-mp-is-metal-001467,Ti1 Al1,True,221,cubic
mb-mp-is-metal-045763,Ca4 Zn8,True,194,hexagonal
mb-mp-is-metal-000300,Dy2 In2 Pt4,True,194,hexagonal
mb-mp-is-metal-084807,Sr3 Ti2 O7,False,139,tetragonal
mb-mp-is-metal-102008,Cs4 Ti4 F16,True,129,tetragonal
mb-mp-is-metal-039777,Nd4 Ga4 O12,False,62,orthorhombic
mb-mp-is-metal-100135,Eu1 In2 Ge4 Ir4,False,121,tetragonal
mb-mp-is-metal-080040,K4 Bi12 S20,False,62,orthorhombic
mb-mp-is-metal-083924,Eu2 Cd22,True,141,tetragonal
mb-mp-is-metal-032889,Mn2 P4,True,58,orthorhombic
mb-mp-is-metal-083156,Pm2 Pt1 Au1,True,225,cubic
mb-mp-is-metal-064848,Rb2 Na1 Ni1 F6,True,225,cubic
mb-mp-is-metal-042479,Ba8 Zn4 Te12,False,62,orthorhombic
mb-mp-is-metal-076465,B4 Mo2 Pb12 O24,False,63,orthorhombic
mb-mp-is-metal-088627,Sc1 Tl1 Te2,False,166,trigonal
mb-mp-is-metal-095688,Cs4 Ga4 S12,False,14,monoclinic
mb-mp-is-metal-099115,Lu2 Si4 Ni2,True,63,orthorhombic
mb-mp-is-metal-081319,Sb4 Os4 S4,False,14,monoclinic
mb-mp-is-metal-065410,Sm8 Zr4 Se20,False,62,orthorhombic
mb-mp-is-metal-100019,Sm1 Si2 Ni2,True,139,tetragonal
mb-mp-is-metal-097723,Nd3 In3 Au3,True,189,hexagonal
mb-mp-is-metal-007973,V2 Bi4 O11,False,1,triclinic
mb-mp-is-metal-095882,Cs10 Mo42 Se46,True,176,hexagonal
mb-mp-is-metal-059352,Er2 Mg4,True,227,cubic
mb-mp-is-metal-081385,Eu2 Ga4 Te8,True,66,orthorhombic
mb-mp-is-metal-046787,Dy1 In1 Cu2,True,225,cubic
mb-mp-is-metal-051296,Yb2 Ga4 S8,False,66,orthorhombic
mb-mp-is-metal-099110,U4 Al6 C8,True,186,hexagonal
mb-mp-is-metal-085174,Co6 H2,True,194,hexagonal
mb-mp-is-metal-013104,Ti1 V4 Cu1 O12,True,5,monoclinic
mb-mp-is-metal-055941,Ag9 Ge2 I1 O8,True,12,monoclinic
mb-mp-is-metal-082821,Ag1 F1,True,225,cubic
mb-mp-is-metal-066636,In3 Cu1 Se5,False,1,triclinic
mb-mp-is-metal-086168,Sc2 Ge4,True,63,orthorhombic
mb-mp-is-metal-080716,K6 Ta4 As2 S22,False,9,monoclinic
mb-mp-is-metal-088360,Mg1 Cu1 Sn1,True,216,cubic
mb-mp-is-metal-095753,Y1 Ni2 P2,True,139,tetragonal
mb-mp-is-metal-102143,Yb1 B2 Rh3,True,191,hexagonal
mb-mp-is-metal-100230,Rb4 P4 Se24,False,29,orthorhombic
mb-mp-is-metal-064216,Ho1 B2 Rh3,True,191,hexagonal
mb-mp-is-metal-081681,Li2 Mg1 In1,True,225,cubic
mb-mp-is-metal-102289,Yb1 Te1,False,225,cubic
mb-mp-is-metal-102445,Li1 Mg1 Bi1,False,216,cubic
mb-mp-is-metal-088017,Be1 Al1 B1,True,216,cubic
mb-mp-is-metal-046526,Ba20 Ga8 Se32,False,64,orthorhombic
mb-mp-is-metal-091105,Tm2 Ge2,True,63,orthorhombic
mb-mp-is-metal-062780,Ag7 N1 O11,True,160,trigonal
mb-mp-is-metal-032166,Ta8 Nb12 O48,True,14,monoclinic
mb-mp-is-metal-001466,Ag4 Cl4,False,221,cubic
mb-mp-is-metal-019834,Co7 Re17 O48,True,1,triclinic
mb-mp-is-metal-058232,Mn1 Fe1 Co1 Ge1,True,216,cubic
mb-mp-is-metal-098399,Tb2 Zr2 Sb2,True,139,tetragonal
mb-mp-is-metal-065739,Al1 Pd5 I2,True,139,tetragonal
mb-mp-is-metal-084128,Mg1 Sc1 Ag2,True,225,cubic
mb-mp-is-metal-081948,Mn1 Sn1 Ru2,True,225,cubic
mb-mp-is-metal-080138,Yb4 Zn4 Pt4,True,62,orthorhombic
mb-mp-is-metal-037033,Li7 Ti16 O32,True,8,monoclinic
mb-mp-is-metal-069974,Pr3 Al4 Si6,True,164,trigonal
mb-mp-is-metal-058171,Ce6 Mn2 Al2 S14,True,173,hexagonal
mb-mp-is-metal-067315,Rb4 F12,False,19,orthorhombic
mb-mp-is-metal-060684,Cd8 Hg2 Se10,False,156,trigonal
mb-mp-is-metal-027795,Mn2 Fe2 As2,True,129,tetragonal
mb-mp-is-metal-068147,Pm1 Ga1 Au2,True,225,cubic
mb-mp-is-metal-067179,Lu1 Sc1 Ru2,True,225,cubic
mb-mp-is-metal-093346,Y4 Ge10 Ir6,True,72,orthorhombic
mb-mp-is-metal-089516,Cd2 Pt2,True,123,tetragonal
mb-mp-is-metal-000973,Zn1 O1,False,225,cubic
mb-mp-is-metal-081924,Ta2 Os1 W1,True,225,cubic
mb-mp-is-metal-088285,Cs2 La2 Hg2 Se6,False,63,orthorhombic
mb-mp-is-metal-090207,Sc1 B1 Ir3,True,221,cubic
mb-mp-is-metal-064991,K4 H12 Se8 O24,False,60,orthorhombic
mb-mp-is-metal-002888,Na1 Bi1 Se2,False,123,tetragonal
mb-mp-is-metal-099928,Ca12 Ga8 Pt8,True,57,orthorhombic
mb-mp-is-metal-054454,Sr20 Bi12,True,62,orthorhombic
mb-mp-is-metal-082776,Cd2 As4,False,98,tetragonal
mb-mp-is-metal-008404,U2 Re2 C3,True,12,monoclinic
mb-mp-is-metal-089740,Ho1 Mn12,True,139,tetragonal
mb-mp-is-metal-062320,Sm4 In21 Pd10,True,12,monoclinic
mb-mp-is-metal-011229,Cs2 S1 Cl6 F1,True,225,cubic
mb-mp-is-metal-090695,Eu1 O1,True,225,cubic
mb-mp-is-metal-095529,La40 Se56 O4,False,142,tetragonal
mb-mp-is-metal-031749,Tl1 Cl1,False,221,cubic
mb-mp-is-metal-027822,Zr3 Al4 C6,True,166,trigonal
mb-mp-is-metal-092656,Hf16 Fe8,True,227,cubic
mb-mp-is-metal-076505,Ba4 B12 H8 O26,False,4,monoclinic
mb-mp-is-metal-080281,Ba2 B2 Cl2 F8,False,31,orthorhombic
mb-mp-is-metal-001962,Cu4 Te2,True,191,hexagonal
mb-mp-is-metal-086145,Pr2 Ir4,True,227,cubic
mb-mp-is-metal-041189,Sc2 Ga1 Ir1,True,225,cubic
mb-mp-is-metal-074759,Rb6 Ta4 As2 S22,False,9,monoclinic
mb-mp-is-metal-063837,Rb4 Mo18 Se20,True,148,trigonal
mb-mp-is-metal-091917,Cs1 K2 Sb1,False,225,cubic
mb-mp-is-metal-102343,Tb1 Ge2 Rh2,True,139,tetragonal
mb-mp-is-metal-105558,Li1 Mg1 Sn1 Pd1,True,216,cubic
mb-mp-is-metal-065155,Yb1 Zn1 Au2,True,225,cubic
mb-mp-is-metal-089046,Zr2 Ge4,True,63,orthorhombic
mb-mp-is-metal-087579,Ti3 Co3 Ge3,True,189,hexagonal
mb-mp-is-metal-101206,Hf20 Sb12,True,62,orthorhombic
mb-mp-is-metal-002089,Mg18 Ge6,True,176,hexagonal
mb-mp-is-metal-024812,Yb2 Fe8 Ge4,True,136,tetragonal
mb-mp-is-metal-038792,Ho16 S24,False,122,tetragonal
mb-mp-is-metal-065715,Ce2 Co8 B8,True,137,tetragonal
mb-mp-is-metal-086700,Tm1 Sb1,True,225,cubic
mb-mp-is-metal-046766,Ni1 Ag1 O2,True,166,trigonal
mb-mp-is-metal-060765,Nb4 Cr4 N4,True,129,tetragonal
mb-mp-is-metal-071475,Cs8 Mg4 Sn12 Se32,False,19,orthorhombic
mb-mp-is-metal-075475,Ho8 Mo12 O48,False,32,orthorhombic
mb-mp-is-metal-021079,Mn1 Co4 O8,True,12,monoclinic
mb-mp-is-metal-063915,U6 Ni6 Sn8,True,220,cubic
mb-mp-is-metal-038887,Ni8 Mo16 N4,True,227,cubic
mb-mp-is-metal-057022,Ca2 Zn2 S2 O2,False,186,hexagonal
mb-mp-is-metal-100382,Ho10 Ge20 Rh8,True,127,tetragonal
mb-mp-is-metal-045790,Y4 Ru4 O14,True,227,cubic
mb-mp-is-metal-005967,Rb4 Tb6 Al2 F32,True,194,hexagonal
mb-mp-is-metal-048185,Pm1 Dy3,True,139,tetragonal
mb-mp-is-metal-072497,Nd8 Zr4 S20,False,62,orthorhombic
mb-mp-is-metal-009807,Al14 C6 N6,True,186,hexagonal
mb-mp-is-metal-013254,Ni3 Sn1 N1,True,221,cubic
mb-mp-is-metal-087560,Ta4 Ni4 B8,True,62,orthorhombic
mb-mp-is-metal-096405,Cs4 Ag4 Sb16 S28,False,15,monoclinic
mb-mp-is-metal-085964,Si2 Ni6 B1,True,189,hexagonal
mb-mp-is-metal-099918,Zr1 Sb1 Ru1,True,216,cubic
mb-mp-is-metal-076111,Bi2 P6 Pb6 O24,False,9,monoclinic
mb-mp-is-metal-093190,Pr1 In1,True,221,cubic
mb-mp-is-metal-083738,Li8 B16 O28,False,110,tetragonal
mb-mp-is-metal-087956,Ti6 Pt10,True,72,orthorhombic
mb-mp-is-metal-045520,B12 H8 Pb8 O30,False,34,orthorhombic
mb-mp-is-metal-099394,Ca2 In8 Ir2,True,51,orthorhombic
mb-mp-is-metal-084774,Ba1 Au2,True,191,hexagonal
mb-mp-is-metal-063265,Ca2 Ni10,True,74,orthorhombic
mb-mp-is-metal-092727,Nd1 Co2 Si2,True,139,tetragonal
mb-mp-is-metal-081154,Sm1 Ho1 Hg2,True,225,cubic
mb-mp-is-metal-077416,Ba12 Ta8 Se36,False,14,monoclinic
mb-mp-is-metal-102435,V1 Fe1 Sb1,False,216,cubic
mb-mp-is-metal-105048,Sr1 Rh1 F6,True,166,trigonal
mb-mp-is-metal-040445,Pr2 Sm6,True,194,hexagonal
mb-mp-is-metal-096716,Fe4 As4 S4,False,14,monoclinic
mb-mp-is-metal-067390,Ba16 Ga8 Se32,False,14,monoclinic
mb-mp-is-metal-078577,K4 Nb12 Te8 O48,False,57,orthorhombic
mb-mp-is-metal-093581,In2 Sb4 S8 Cl2,False,12,monoclinic
mb-mp-is-metal-100171,Sr4 Ta8 O24,False,62,orthorhombic
mb-mp-is-metal-031700,Cd1 Ag1,True,65,orthorhombic
mb-mp-is-metal-047862,In5 Pt5,True,12,monoclinic
mb-mp-is-metal-019776,Ta8 Al2 C6,True,194,hexagonal
mb-mp-is-metal-097346,Tm1 B1 Rh3,True,221,cubic
mb-mp-is-metal-008715,Yb4 Sm8 Cu4 S20,True,62,orthorhombic
mb-mp-is-metal-039312,Tb4 Sb8,True,64,orthorhombic
mb-mp-is-metal-103308,P8 Pd8 Se8,False,60,orthorhombic
mb-mp-is-metal-095155,Hf2 Hg1,True,139,tetragonal
mb-mp-is-metal-095815,Ho2 Si2 Ru4 C2,True,63,orthorhombic
mb-mp-is-metal-083890,Ce6 Si2 Pt10,True,74,orthorhombic
mb-mp-is-metal-092303,Yb4 Ge4 Ir2,True,12,monoclinic
mb-mp-is-metal-073456,Ba64 Sn32 S120,False,29,orthorhombic
mb-mp-is-metal-102160,Ho2 B4 C1,True,71,orthorhombic
mb-mp-is-metal-089537,Al18 Ir4,True,14,monoclinic
mb-mp-is-metal-105754,Lu2 Tl1 Ag1,True,225,cubic
mb-mp-is-metal-097592,Sm3 Hg3 Pd3,True,189,hexagonal
mb-mp-is-metal-063189,Zr1 Al1 Ru2,True,225,cubic
mb-mp-is-metal-000966,Si6 N8,False,227,cubic
mb-mp-is-metal-066738,Sr2 Ni4 P4 O16,False,2,triclinic
mb-mp-is-metal-093433,Rb8 Ti6 S28,False,15,monoclinic
mb-mp-is-metal-094420,Sc4 Ge6 Rh7,True,229,cubic
mb-mp-is-metal-053536,Ba6 In2 S8 Cl2,False,140,tetragonal
mb-mp-is-metal-068713,Hf12 P12 Pd16,True,62,orthorhombic
mb-mp-is-metal-087013,Ca4 Mg4 Sn4,True,62,orthorhombic
mb-mp-is-metal-102428,Sb8 Pt4,True,205,cubic
mb-mp-is-metal-089525,Yb3 Sn3 Rh3,True,189,hexagonal
mb-mp-is-metal-020172,Li3 Ni1 Sb4 O12,True,1,triclinic
mb-mp-is-metal-094844,Rb14 Th4 P12 Se42,False,2,triclinic
mb-mp-is-metal-086208,Sc1 V2 Ga4,True,139,tetragonal
mb-mp-is-metal-086685,Ce8 Bi6,True,220,cubic
mb-mp-is-metal-087528,Te8 Os4,True,205,cubic
mb-mp-is-metal-053097,Li2 Ti22 O40,True,2,triclinic
mb-mp-is-metal-074658,La1 B1 Pt3,True,99,tetragonal
mb-mp-is-metal-065944,Dy4 Ge6 Pt18,True,15,monoclinic
mb-mp-is-metal-105877,Ce2 Cr1 N3,True,71,orthorhombic
mb-mp-is-metal-091099,Hf1 S2,False,164,trigonal
mb-mp-is-metal-081146,Nb3 Ru1,True,225,cubic
mb-mp-is-metal-063374,Cd4 I4 Cl4 O12,False,64,orthorhombic
mb-mp-is-metal-084375,Ag16 Sn8 Se24,False,9,monoclinic
mb-mp-is-metal-034066,Tb2 Ni2 O6,True,167,trigonal
mb-mp-is-metal-095744,K32 Ge8 Se32,False,218,cubic
mb-mp-is-metal-105189,In2 Hg1 Se4,False,82,tetragonal
mb-mp-is-metal-088919,Cd1 Pd1,True,123,tetragonal
mb-mp-is-metal-003971,Li6 Si6 Ag4,True,134,tetragonal
mb-mp-is-metal-102981,Lu2 Tl1 Cd1,True,225,cubic
mb-mp-is-metal-003984,Fe4 Cu4 Se8,True,111,tetragonal
mb-mp-is-metal-097031,Ce8 Co20 B8,True,194,hexagonal
mb-mp-is-metal-084668,Ca4 Pb2 Au4,True,127,tetragonal
mb-mp-is-metal-042787,Ta1 N1,True,187,hexagonal
mb-mp-is-metal-097309,Tb1 Co2 B2,True,139,tetragonal
mb-mp-is-metal-036127,Sr6 Ti6 O18,False,194,hexagonal
mb-mp-is-metal-034897,Tl4 Te6,False,9,monoclinic
mb-mp-is-metal-036212,Si2 Ge2,False,186,hexagonal
mb-mp-is-metal-060114,Li3 Co1 Ni4 O8,True,12,monoclinic
mb-mp-is-metal-092139,La1 Cd1 Ag2,True,225,cubic
mb-mp-is-metal-061443,Ba4 V8 Se4 O32,False,62,orthorhombic
mb-mp-is-metal-094760,In2 Sb4 Se8 Br2,False,12,monoclinic
mb-mp-is-metal-008212,Rb2 S1 Cl6 F1,True,225,cubic
mb-mp-is-metal-078102,Gd2 Cu6 S6,False,148,trigonal
mb-mp-is-metal-002967,Sc2 O3,False,164,trigonal
mb-mp-is-metal-103351,Ce1 Si2 Pd2,True,139,tetragonal
mb-mp-is-metal-103277,Dy1 Cu2 Si2,True,139,tetragonal
mb-mp-is-metal-053436,Ba2 Ga8 Se14,False,7,monoclinic
mb-mp-is-metal-072330,Li4 Cd2 Ge2 S8,False,31,orthorhombic
mb-mp-is-metal-086097,Y2 Al1 Zn1,True,225,cubic
mb-mp-is-metal-085931,U2 Cu2 P4,True,139,tetragonal
mb-mp-is-metal-088342,Sc1 Ir1,True,221,cubic
mb-mp-is-metal-074523,Rb4 Mo4 P4 O24,False,70,orthorhombic
mb-mp-is-metal-040466,Ti6 H2 O13,False,12,monoclinic
mb-mp-is-metal-100320,Ce3 In3 Ir3,True,189,hexagonal
mb-mp-is-metal-074538,Ba16 Ga8 S32,False,14,monoclinic
mb-mp-is-metal-078536,Rb4 Ge4 B12 O28,False,33,orthorhombic
mb-mp-is-metal-093329,Nd8 Fe56 B4,True,136,tetragonal
mb-mp-is-metal-095819,Ca6 Cu2 Sn7,True,12,monoclinic
mb-mp-is-metal-027099,Mn4 Cu2 P6 O24,True,167,trigonal
mb-mp-is-metal-055454,Eu4 Ga4 Ge2 S14,True,113,tetragonal
mb-mp-is-metal-017341,Pb4 Se4,False,62,orthorhombic
mb-mp-is-metal-019762,Nb12 Cu4 O32,False,14,monoclinic
mb-mp-is-metal-084975,Mg6 Ga14 Co4,True,15,monoclinic
mb-mp-is-metal-102167,Hf4 Al3,True,191,hexagonal
mb-mp-is-metal-067621,Li2 Yb2 F8,True,88,tetragonal
mb-mp-is-metal-014940,Li16 Bi2 S12,True,185,hexagonal
mb-mp-is-metal-100078,U2 Hg6 Te4 Cl12,False,14,monoclinic
mb-mp-is-metal-048286,Mg1 Se1,False,225,cubic
mb-mp-is-metal-056205,Mn1 Be2 Co1,True,225,cubic
mb-mp-is-metal-042379,K2 In2 Se4,False,122,tetragonal
mb-mp-is-metal-085948,In5 Ag1 S8,True,216,cubic
mb-mp-is-metal-105235,Ba2 Fe1 Re1 O6,True,225,cubic
mb-mp-is-metal-020220,Pr1 Ga1 Au2,True,225,cubic
mb-mp-is-metal-054419,Ba4 Sm2 Ga2 Te10,False,2,triclinic
mb-mp-is-metal-105266,Te2 Pd2,True,194,hexagonal
mb-mp-is-metal-087469,Gd2 Sb2 Pd2,True,186,hexagonal
mb-mp-is-metal-014229,Mg4 Mn2 N4,True,12,monoclinic
mb-mp-is-metal-009711,Cu1 Pd1,True,65,orthorhombic
mb-mp-is-metal-049074,Na5 Fe6 Si12 O36,True,5,monoclinic
mb-mp-is-metal-047290,V1 Ir3,True,221,cubic
mb-mp-is-metal-047763,Ba3 Ca1 Ir2 O9,True,164,trigonal
mb-mp-is-metal-032769,Cs2 Na1 Mn1 F6,True,225,cubic
mb-mp-is-metal-060816,Pr1 Al3 Ni2,True,191,hexagonal
mb-mp-is-metal-001411,V4 Zn2 O8,False,74,orthorhombic
mb-mp-is-metal-052228,Ca2 Si1,False,225,cubic
mb-mp-is-metal-100352,Y4 Si4 Ni4,True,62,orthorhombic
mb-mp-is-metal-092020,Li1 Hg2 Pd1,True,225,cubic
mb-mp-is-metal-049680,Ga2 As1 P1,False,160,trigonal
mb-mp-is-metal-028089,Li4 Ni4 Sb2 O12,True,64,orthorhombic
mb-mp-is-metal-050595,Sn1 Te5 Pb4,False,166,trigonal
mb-mp-is-metal-007874,Zr3 Ag1,True,221,cubic
mb-mp-is-metal-061748,Cr4 Ge2 C2,True,194,hexagonal
mb-mp-is-metal-003199,Pr1 Ge3,True,221,cubic
mb-mp-is-metal-073526,In16 Se16 O56,False,56,orthorhombic
mb-mp-is-metal-018222,Ti6 Be2,True,194,hexagonal
mb-mp-is-metal-078454,K16 Ge4 P16 Se48,False,29,orthorhombic
mb-mp-is-metal-069947,Ag16 Te16,False,62,orthorhombic
mb-mp-is-metal-022495,Cs6 As2,True,194,hexagonal
mb-mp-is-metal-068368,K10 In6 P12 Se38,False,2,triclinic
mb-mp-is-metal-051769,Cr8 S12,True,163,trigonal
mb-mp-is-metal-046755,Th2 Al2,True,63,orthorhombic
mb-mp-is-metal-023704,Cu8 Br8,False,205,cubic
mb-mp-is-metal-029503,Tl1 Sn1,True,8,monoclinic
mb-mp-is-metal-019816,Sb8 Pb8 S22,True,55,orthorhombic
mb-mp-is-metal-087369,Sr6 Sc2 Ni2 O12,True,167,trigonal
mb-mp-is-metal-099594,U2 Cl5 O2,True,65,orthorhombic
mb-mp-is-metal-042030,Li6 Fe3 Co7 O20,True,10,monoclinic
mb-mp-is-metal-057312,Ba4 Er2 Ga2 Te10,False,36,orthorhombic
mb-mp-is-metal-086473,Mn2 B4 W4,True,127,tetragonal
mb-mp-is-metal-067670,Sr10 Sn6,True,140,tetragonal
mb-mp-is-metal-064003,Yb4 Mn8 O20,True,55,orthorhombic
mb-mp-is-metal-090157,Ag4 Ge2 S6,False,36,orthorhombic
mb-mp-is-metal-099881,Sc12 Mn8 Ga24,True,62,orthorhombic
mb-mp-is-metal-073467,Ga16 Se16 O56,False,56,orthorhombic
mb-mp-is-metal-074142,Cs2 H6 Se4 O12,False,1,triclinic
mb-mp-is-metal-004104,Zr2 Ti4 O2,True,65,orthorhombic
mb-mp-is-metal-039897,K24 Yb12 P20 S80,True,15,monoclinic
mb-mp-is-metal-102279,Sr2 Mg1 Ir1 O6,True,225,cubic
mb-mp-is-metal-068709,Sn8 Cl16,False,14,monoclinic
mb-mp-is-metal-076140,B6 Pb20 Br6 O26,False,9,monoclinic
mb-mp-is-metal-098225,Ti1 Ni1 Sb1,True,216,cubic
mb-mp-is-metal-032846,Yb2 Ce8 O19,True,115,tetragonal
mb-mp-is-metal-010672,Pr1 Tl2 In1 Se4,False,121,tetragonal
mb-mp-is-metal-089088,Cs1 Au1,False,221,cubic
mb-mp-is-metal-052827,Ca2 Sm4 S8,False,122,tetragonal
mb-mp-is-metal-098621,Ba12 Ho8 P16 S64,False,60,orthorhombic
mb-mp-is-metal-048302,Nd2 Si4 Ir4,True,129,tetragonal
mb-mp-is-metal-084682,Sr2 In8 Ir2,True,51,orthorhombic
mb-mp-is-metal-061409,Ba12 Nb8 Se36,False,14,monoclinic
mb-mp-is-metal-036781,Yb12 Al20 O48,True,230,cubic
mb-mp-is-metal-081788,V1 Cu3 S4,False,215,cubic
mb-mp-is-metal-066701,Ho2 Si2,True,63,orthorhombic
mb-mp-is-metal-100207,Al39 Ru12,True,12,monoclinic
mb-mp-is-metal-069713,Cr3 Se4,True,12,monoclinic
mb-mp-is-metal-020691,Ho2 O3,False,164,trigonal
mb-mp-is-metal-058408,Cs8 P8 Se48,False,114,tetragonal
mb-mp-is-metal-090004,Sm1 Ag1,True,221,cubic
mb-mp-is-metal-047207,Ta1 Ti1 Fe2,True,225,cubic
mb-mp-is-metal-055974,Ta4 N4 O4,False,12,monoclinic
mb-mp-is-metal-092541,Rb1 Eu1 O2,True,166,trigonal
mb-mp-is-metal-039565,Zn1 Ga1 P1 Se1,False,160,trigonal
mb-mp-is-metal-068151,Y1 Cd1 Pt2,True,225,cubic
mb-mp-is-metal-077508,K8 Gd8 Sb8 Se36,False,12,monoclinic
mb-mp-is-metal-089779,La2 Ni24 B12,True,36,orthorhombic
mb-mp-is-metal-036788,Ag1 As1 Se2,True,166,trigonal
mb-mp-is-metal-071029,Rb2 Ti2 Br6,True,194,hexagonal
mb-mp-is-metal-083082,Dy2 Mg1 Tl1,True,225,cubic
mb-mp-is-metal-060178,Tm1 Lu1 Pd2,True,225,cubic
mb-mp-is-metal-029827,Sm1 Ni2 Sn2,True,139,tetragonal
mb-mp-is-metal-021372,Hg4 Cl8,False,62,orthorhombic
mb-mp-is-metal-007860,Mn1 Cu2 Sn1,True,225,cubic
mb-mp-is-metal-100794,Zr1 Al5 Ni2,True,139,tetragonal
mb-mp-is-metal-034236,Ca4 Ag4 F20,True,14,monoclinic
mb-mp-is-metal-096784,Dy4 Sn10,True,59,orthorhombic
mb-mp-is-metal-104919,Ba6 Na2 Ir2 O12,True,167,trigonal
mb-mp-is-metal-086161,La2 Ga2,True,63,orthorhombic
mb-mp-is-metal-047577,Dy4 Mo6 O24,False,15,monoclinic
mb-mp-is-metal-090528,Zr1 Se1,True,187,hexagonal
mb-mp-is-metal-062220,Cs9 Li12 B21 O42,False,152,trigonal
mb-mp-is-metal-072472,Rb8 Cu8 Sb8 S20,False,14,monoclinic
mb-mp-is-metal-085985,Tm1 Au2,True,139,tetragonal
mb-mp-is-metal-097379,Sr2 Bi2 Cl2 O4,False,63,orthorhombic
mb-mp-is-metal-056921,Mg10 Tl4,True,72,orthorhombic
mb-mp-is-metal-101329,Li2 In2 Te4,False,122,tetragonal
mb-mp-is-metal-095629,In2 Sb4 S8 Br2,False,12,monoclinic
mb-mp-is-metal-084857,U6 Cu4 Se14,True,173,hexagonal
mb-mp-is-metal-085816,P4 Ru2,False,58,orthorhombic
mb-mp-is-metal-091377,Ba1 S1,False,225,cubic
mb-mp-is-metal-042211,Li1 Al2 Tc1,True,225,cubic
mb-mp-is-metal-065725,Bi4 S4 I4,False,62,orthorhombic
mb-mp-is-metal-095791,Al12 Fe2,True,63,orthorhombic
mb-mp-is-metal-085808,Ce1 Mg1 Zn2,True,225,cubic
mb-mp-is-metal-076310,Na4 In4 Ge2 S12,False,9,monoclinic
mb-mp-is-metal-072377,Cs16 Sb8,False,62,orthorhombic
mb-mp-is-metal-092580,Sr1 B6,True,221,cubic
mb-mp-is-metal-088757,K4 V2 Cu2 S8,False,70,orthorhombic
mb-mp-is-metal-059872,Ag10 I2 O12,False,167,trigonal
mb-mp-is-metal-087913,Nb4 Cr8 Si10,True,72,orthorhombic
mb-mp-is-metal-013758,Cs2 Yb2 Zn2 Se6,True,63,orthorhombic
mb-mp-is-metal-060309,Pd6 Se12,False,14,monoclinic
mb-mp-is-metal-057314,Tb10 Tl6,True,140,tetragonal
mb-mp-is-metal-094847,Al16 Cu36,True,215,cubic
mb-mp-is-metal-040918,Ta22 Cu3 S36,True,8,monoclinic
mb-mp-is-metal-089892,Al12 Ru2,True,63,orthorhombic
mb-mp-is-metal-001035,Tm1 Cu2 Ge2,True,139,tetragonal
mb-mp-is-metal-021073,K6 Nb12 O30,True,7,monoclinic
mb-mp-is-metal-024810,Hf4 Os8,True,194,hexagonal
mb-mp-is-metal-066211,Mo2 Se4,False,194,hexagonal
mb-mp-is-metal-059463,Tb16 Al8 O36,False,14,monoclinic
mb-mp-is-metal-059220,B2 Mo2,True,63,orthorhombic
mb-mp-is-metal-083297,Rb3 Na1 Mo2 O8,False,164,trigonal
mb-mp-is-metal-014749,Eu6 O9,True,12,monoclinic
mb-mp-is-metal-078394,Na2 Nb4 Se4 O19,False,2,triclinic
mb-mp-is-metal-048776,Cu4 Sb2,True,129,tetragonal
mb-mp-is-metal-054843,Li14 Ti21 O48,True,8,monoclinic
mb-mp-is-metal-089564,Lu1 Si2 Os2,True,139,tetragonal
mb-mp-is-metal-065293,K2 Ho4 Cu4 S9,False,12,monoclinic
mb-mp-is-metal-086510,Eu4 F12,True,62,orthorhombic
mb-mp-is-metal-026913,Li15 Mn2 O12,True,1,triclinic
mb-mp-is-metal-053941,Cr2 As2,True,194,hexagonal
mb-mp-is-metal-047491,Pd4 I8 O24,False,61,orthorhombic
mb-mp-is-metal-040873,Mn8 Ge4 S16,True,62,orthorhombic
mb-mp-is-metal-017223,Pr1 Ge5,True,71,orthorhombic
mb-mp-is-metal-022880,Li1 Cu2 C2 O6,True,1,triclinic
mb-mp-is-metal-079195,Lu7 Te2 Pd2,True,44,orthorhombic
mb-mp-is-metal-088272,Yb4 Mg4 Pd4,True,62,orthorhombic
mb-mp-is-metal-075339,Na4 Ga4 Ge2 S12,False,43,orthorhombic
mb-mp-is-metal-039931,Ce1 Al2 Pt3,True,191,hexagonal
mb-mp-is-metal-067794,Nb8 Ag4 P4 S40,False,15,monoclinic
mb-mp-is-metal-014950,Sr2 La6 Mn2 O16,True,63,orthorhombic
mb-mp-is-metal-083600,Sr2 In8 Pt2,True,63,orthorhombic
mb-mp-is-metal-024733,La4 Co3 O10,True,139,tetragonal
mb-mp-is-metal-090810,Y1 Fe2 Si2,True,139,tetragonal
mb-mp-is-metal-101783,Sn5 B2 Rh6,True,189,hexagonal
mb-mp-is-metal-079434,K4 Sn6 Sb4 S20,False,14,monoclinic
mb-mp-is-metal-006973,Nb4 H4 O12,False,1,triclinic
mb-mp-is-metal-056586,Ti2 C1,True,166,trigonal
mb-mp-is-metal-098404,Sr4 Se4 O16,False,14,monoclinic
mb-mp-is-metal-088425,Er3 Al3 Ni1 Ge2,True,189,hexagonal
mb-mp-is-metal-044773,Nd6 Te8,True,220,cubic
mb-mp-is-metal-085817,Ca1 Se1,False,225,cubic
mb-mp-is-metal-057204,Y6 Tm2,True,194,hexagonal
mb-mp-is-metal-031824,Sb4 I12,False,14,monoclinic
mb-mp-is-metal-103873,Ba2 Sn6,True,194,hexagonal
mb-mp-is-metal-104984,Y8 B16 C8,True,135,tetragonal
mb-mp-is-metal-088242,Ni4 Ge4,True,62,orthorhombic
mb-mp-is-metal-026220,La2 Pd1 O4,True,139,tetragonal
mb-mp-is-metal-102363,Ce6 Al24 Ru8,True,194,hexagonal
mb-mp-is-metal-088575,Th2 Al6,True,194,hexagonal
mb-mp-is-metal-100420,Tb1 Mn6 Ge6,True,191,hexagonal
mb-mp-is-metal-003255,Ca1 Co4 S8,True,166,trigonal
mb-mp-is-metal-101654,Cs2 Ag2 Cl6,True,139,tetragonal
mb-mp-is-metal-097500,Ca8 Ga8 Au24,True,205,cubic
mb-mp-is-metal-096488,K4 Sn2 Au4 S8,False,2,triclinic
mb-mp-is-metal-088955,Dy8 Sb6,True,220,cubic
mb-mp-is-metal-102345,La2 Pd6 S8,True,223,cubic
mb-mp-is-metal-025403,Ce10 Si6,True,193,hexagonal
mb-mp-is-metal-099933,Ga5 Pd13,True,12,monoclinic
mb-mp-is-metal-036193,Ti1 Mn2 Ge1,True,225,cubic
mb-mp-is-metal-081752,La1 P1,True,225,cubic
mb-mp-is-metal-016961,Li5 Mn2 Cu5 O12,True,5,monoclinic
mb-mp-is-metal-096969,Re8 S16,False,2,triclinic
mb-mp-is-metal-098094,Ga1 Si1 Ru2,True,225,cubic
mb-mp-is-metal-090003,Re6 As14,True,229,cubic
mb-mp-is-metal-092173,Hf2 V2 Si2,True,129,tetragonal
mb-mp-is-metal-011616,Zr1 In1 Pd2,True,123,tetragonal
mb-mp-is-metal-099303,Zr2 Ni12 P7,True,174,hexagonal
mb-mp-is-metal-087923,Cs8 Sb8 Se16,False,14,monoclinic
mb-mp-is-metal-060770,U2 Cr30 P19,True,174,hexagonal
mb-mp-is-metal-026234,Tl2 S2,False,166,trigonal
mb-mp-is-metal-093452,Lu10 Si20 Ir8,True,127,tetragonal
mb-mp-is-metal-043827,K1 Co2 Se2,True,139,tetragonal
mb-mp-is-metal-033388,Li4 Fe2 Ge2 S8,False,7,monoclinic
mb-mp-is-metal-001922,Er2 O3,False,160,trigonal
mb-mp-is-metal-044767,Ni23 B6,True,225,cubic
mb-mp-is-metal-083009,Ti2 Tc1 Ni1,True,225,cubic
mb-mp-is-metal-087462,Tb1 Fe4 P12,True,204,cubic
mb-mp-is-metal-086195,Cd1 As1 Pd5,True,123,tetragonal
mb-mp-is-metal-083066,Li1 Ga1 Pd2,True,225,cubic
mb-mp-is-metal-070309,Ba4 Sm2 In2 Se10,False,36,orthorhombic
mb-mp-is-metal-007862,Bi1 Te1 I1,False,156,trigonal
mb-mp-is-metal-094853,Fe9 Co7,True,221,cubic
mb-mp-is-metal-092201,Li1 Y1 Cu2 P2,True,164,trigonal
mb-mp-is-metal-030825,Sn12 W4 O24,False,15,monoclinic
mb-mp-is-metal-096808,Nd1 Mg2 Ni9,True,166,trigonal
mb-mp-is-metal-024811,Li6 Mo4 P10 O36,False,2,triclinic
mb-mp-is-metal-061534,Zn1 Sn1 P2,False,115,tetragonal
mb-mp-is-metal-105359,Tb2 In4 Ni2,True,63,orthorhombic
mb-mp-is-metal-034909,Ge3 W18 O54,True,38,orthorhombic
mb-mp-is-metal-048946,Na8 V4 Cu4 F28,True,62,orthorhombic
mb-mp-is-metal-037875,Cs4 Mo30 S38,True,167,trigonal
mb-mp-is-metal-037786,Li1 I1,False,225,cubic
mb-mp-is-metal-052713,Ba1 Ga2 Si1 Se6,False,1,triclinic
mb-mp-is-metal-088613,Mg2 Si14 Ir6,True,167,trigonal
mb-mp-is-metal-089160,Hf4 S2,True,194,hexagonal
mb-mp-is-metal-053340,Sr6 Nb7 O21,True,148,trigonal
mb-mp-is-metal-102533,V8 Ga4 Sn8,True,64,orthorhombic
mb-mp-is-metal-100817,Tl16 As16 Se32,False,14,monoclinic
mb-mp-is-metal-100460,Dy3 In3 Au3,True,189,hexagonal
mb-mp-is-metal-007226,Re2 O6,True,182,hexagonal
mb-mp-is-metal-083763,Sc10 Pb6,True,193,hexagonal
mb-mp-is-metal-100854,Li2 In1 Ag1,True,216,cubic
mb-mp-is-metal-102310,Ti12 Cu12 O4,True,227,cubic
mb-mp-is-metal-027221,Pr3 Cd1,True,139,tetragonal
mb-mp-is-metal-098301,K2 Hg4,True,74,orthorhombic
mb-mp-is-metal-025084,Li12 Cr12 Cu8 O48,True,14,monoclinic
mb-mp-is-metal-079613,Ba2 In4 P8 O28,False,15,monoclinic
mb-mp-is-metal-026275,Rb1 Mn1 Te2,True,119,tetragonal
mb-mp-is-metal-085094,Lu2 Cd1 In1,True,225,cubic
mb-mp-is-metal-090065,Nb1 Ga1 Co2,True,225,cubic
mb-mp-is-metal-090236,Ce2 Rh2,True,63,orthorhombic
mb-mp-is-metal-081812,Pr1 In1 Au2,True,225,cubic
mb-mp-is-metal-011822,Nd4 O3 F7,True,3,monoclinic
mb-mp-is-metal-089526,Tm3 Sn3 Rh3,True,189,hexagonal
mb-mp-is-metal-081773,Ti2 Cd1,True,139,tetragonal
mb-mp-is-metal-023705,Rb1 Cl1,False,221,cubic
mb-mp-is-metal-065703,Ho1 Mn6 Sn6,True,191,hexagonal
mb-mp-is-metal-000482,Ho2 B4 C4,True,131,tetragonal
mb-mp-is-metal-061728,Na1 Zr2 Ti1 F11,True,12,monoclinic
mb-mp-is-metal-105627,Ca1 Ag2 Ge2,True,139,tetragonal
mb-mp-is-metal-104461,Eu4 Ga18 Rh6,True,63,orthorhombic
mb-mp-is-metal-100676,Zn12 B6 Ir12,True,63,orthorhombic
mb-mp-is-metal-066132,Sc2 Ga1 Ag1,True,225,cubic
mb-mp-is-metal-022176,Tb10 Ti10 O34,True,31,orthorhombic
mb-mp-is-metal-085998,Nd1 Te1,True,225,cubic
mb-mp-is-metal-069907,In1 Bi2 S4 Cl1,False,12,monoclinic
mb-mp-is-metal-052951,Ba8 Sm4 Cu4 O18,True,118,tetragonal
mb-mp-is-metal-082789,Tl3 V1 S4,False,217,cubic
mb-mp-is-metal-095565,Ti2 Tl2 P2 S10,False,2,triclinic
mb-mp-is-metal-065043,Li4 Fe1 Ni3 O8,True,2,triclinic
mb-mp-is-metal-097504,Ga32 Cu12 Mo8,True,220,cubic
mb-mp-is-metal-083649,Y1 H2,True,225,cubic
mb-mp-is-metal-088690,Nd10 Ge6,True,193,hexagonal
mb-mp-is-metal-091751,Hf10 Sn8,True,193,hexagonal
mb-mp-is-metal-052439,K8 Ti8 P8 O40,False,33,orthorhombic
mb-mp-is-metal-056857,Rb24 O4,True,176,hexagonal
mb-mp-is-metal-087483,Hf10 Sn6,True,193,hexagonal
mb-mp-is-metal-083029,Dy2 Tl1 Cd1,True,225,cubic
mb-mp-is-metal-002043,Sn8 O16,False,61,orthorhombic
mb-mp-is-metal-002505,Sn4 O4,False,36,orthorhombic
mb-mp-is-metal-062945,Yb2 In8 Rh2,True,51,orthorhombic
mb-mp-is-metal-081995,Ti2 Re1 Pd1,True,225,cubic
mb-mp-is-metal-068163,Yb11 Ni60 C6,True,229,cubic
mb-mp-is-metal-090715,Hg2 I2,False,139,tetragonal
mb-mp-is-metal-091197,Eu8 Ge4 B8 O32,True,60,orthorhombic
mb-mp-is-metal-100311,Gd1 Pb1 Au1,True,216,cubic
mb-mp-is-metal-091571,Li2 Sn8 Ir2,True,140,tetragonal
mb-mp-is-metal-105920,La6 Zr2 Sb10,True,193,hexagonal
mb-mp-is-metal-027785,K2 Bi2 Se4,False,141,tetragonal
mb-mp-is-metal-045189,Al2 Fe1 Ni1,True,225,cubic
mb-mp-is-metal-098258,Tm1 Fe2 Si2,True,139,tetragonal
mb-mp-is-metal-062174,Dy1 Zr1 Ru2,True,225,cubic
mb-mp-is-metal-008172,K1 F1,False,221,cubic
mb-mp-is-metal-006917,Sm1 B1 Pd3,True,221,cubic
mb-mp-is-metal-096760,Sm16 Mg4 Rh4,True,216,cubic
mb-mp-is-metal-097042,Cs2 Y2 Zn2 Se6,False,63,orthorhombic
mb-mp-is-metal-043560,Zn1 Ga1 As1 Se1,False,160,trigonal
mb-mp-is-metal-055002,Li11 Mn13 O32,True,12,monoclinic
mb-mp-is-metal-000953,La6 F18,False,193,hexagonal
mb-mp-is-metal-094044,Pr1 Co2 As2,True,139,tetragonal
mb-mp-is-metal-089923,Sm1 Ni1 As1,True,187,hexagonal
mb-mp-is-metal-106008,Pr2 Co12 P7,True,174,hexagonal
mb-mp-is-metal-033099,Li1 Zn1 Fe10 O16,True,160,trigonal
mb-mp-is-metal-101692,Sc30 C40,True,128,tetragonal
mb-mp-is-metal-032758,U2 Zn17,True,166,trigonal
mb-mp-is-metal-101988,U4 Re7 Si6,True,229,cubic
mb-mp-is-metal-100430,Dy3 Cu4 Ge4,True,71,orthorhombic
mb-mp-is-metal-063721,Ba6 Na2 Ir4 O18,True,15,monoclinic
mb-mp-is-metal-076410,Cs4 Sc4 Se8 O24,False,62,orthorhombic
mb-mp-is-metal-085194,Cs2 Ag1 Bi1 Cl6,False,225,cubic
mb-mp-is-metal-001266,Ba3 P1 N1,True,221,cubic
mb-mp-is-metal-006024,Ba2 Pr2 O6,True,167,trigonal
mb-mp-is-metal-012789,Si2 Bi6 O14,True,173,hexagonal
mb-mp-is-metal-083115,Lu2 Cd1 Ag1,True,225,cubic
mb-mp-is-metal-104862,K4 V2 Ag2 S8,False,70,orthorhombic
mb-mp-is-metal-062848,Ce2 Nb2 O8,True,88,tetragonal
mb-mp-is-metal-069232,Cs2 Ag1 Bi1 Br6,False,225,cubic
mb-mp-is-metal-008793,Rb1 F1,False,221,cubic
mb-mp-is-metal-075439,Cu4 Hg4 Se8 O24,False,14,monoclinic
mb-mp-is-metal-012244,Zn4 Ag4 F20,True,14,monoclinic
mb-mp-is-metal-081722,Eu1 S1,True,225,cubic
mb-mp-is-metal-099342,Sm2 In4 Rh2,True,63,orthorhombic
mb-mp-is-metal-051227,Co2 B4 Mo1,True,71,orthorhombic
mb-mp-is-metal-096537,K4 Ba4 B20 O36,False,14,monoclinic
mb-mp-is-metal-088203,Ta4 Tl4 S12,False,62,orthorhombic
mb-mp-is-metal-051195,Sc1 Zn3,True,225,cubic
mb-mp-is-metal-087211,Be1 Se1,False,216,cubic
mb-mp-is-metal-017132,Na22 Bi10 O32,True,208,cubic
mb-mp-is-metal-026548,Ce4 Bi4 W8 O36,False,15,monoclinic
mb-mp-is-metal-081073,Li1 Zr1 Rh2,True,225,cubic
mb-mp-is-metal-057203,Y1 Er1 Rh2,True,225,cubic
mb-mp-is-metal-071098,Na38 Zr22 S60,True,2,triclinic
mb-mp-is-metal-009360,Cr4 Ni4 P8 O36,True,62,orthorhombic
mb-mp-is-metal-024222,K3 Hg1,True,139,tetragonal
mb-mp-is-metal-103323,Er1 Si2 Pd2,True,139,tetragonal
mb-mp-is-metal-027117,Fe4 Cu2 P6 O24,True,167,trigonal
mb-mp-is-metal-092319,Be8 W4,True,194,hexagonal
mb-mp-is-metal-062107,Ba4 Ce4 O10,True,55,orthorhombic
mb-mp-is-metal-031923,Li4 Zn4 B4 O12,False,1,triclinic
mb-mp-is-metal-091646,Mn4 Tl4 O14,True,227,cubic
mb-mp-is-metal-055120,Li7 Ca8 Nb12 O40,True,1,triclinic
mb-mp-is-metal-089218,Ba4 Na4 B20 O36,False,14,monoclinic
mb-mp-is-metal-062367,Ba8 Zn4 Se12,False,62,orthorhombic
mb-mp-is-metal-026821,Al4 Cr2 S8,True,74,orthorhombic
mb-mp-is-metal-024634,Sm2 Al2 Cu2,True,74,orthorhombic
mb-mp-is-metal-029005,Li4 Ti1 Cr3 O8,True,166,trigonal
mb-mp-is-metal-043964,Fe1 Bi25 O39,False,146,trigonal
mb-mp-is-metal-089536,Li2 La4 Ir2 O12,True,14,monoclinic
mb-mp-is-metal-064719,Nd4 Ru4 O14,True,227,cubic
mb-mp-is-metal-089030,Th8 Se20,False,60,orthorhombic
mb-mp-is-metal-083511,Na4 Cd4 Sb4,True,62,orthorhombic
mb-mp-is-metal-087191,Eu2 Al4 Au4,True,129,tetragonal
mb-mp-is-metal-056067,Sr2 Li2 Nb3 O10,True,42,orthorhombic
mb-mp-is-metal-079316,Na4 Zn2 Ge4 S12,False,9,monoclinic
mb-mp-is-metal-085137,Li4 Si4 B24,False,64,orthorhombic
mb-mp-is-metal-000952,Yb1 Tl1 S2,True,166,trigonal
mb-mp-is-metal-051489,Ge4 Se8 O24,False,205,cubic
mb-mp-is-metal-099384,Eu1 P2 Os2,True,139,tetragonal
mb-mp-is-metal-086515,Zr2 Si2 Te2,True,129,tetragonal
mb-mp-is-metal-105471,Pr3 Mg3 Ga3,True,189,hexagonal
mb-mp-is-metal-088660,Tb2 Al1 Co2,True,71,orthorhombic
mb-mp-is-metal-061809,Zn6 P4 S16,False,118,tetragonal
mb-mp-is-metal-033200,Tl2 N6,False,140,tetragonal
mb-mp-is-metal-082930,Mg2 Pd1 Au1,True,225,cubic
mb-mp-is-metal-054652,Hg4 Br4 Cl4,False,62,orthorhombic
mb-mp-is-metal-002237,Y2 Co2 O6,True,194,hexagonal
mb-mp-is-metal-088934,Sc1 Rh1,True,221,cubic
mb-mp-is-metal-078453,Cs16 Ge4 P16 Se48,False,29,orthorhombic
mb-mp-is-metal-049946,Ti20 B48 O104,True,142,tetragonal
mb-mp-is-metal-092120,Lu1 Ga1 Rh2,True,225,cubic
mb-mp-is-metal-099175,K8 Cd12 S16,False,62,orthorhombic
mb-mp-is-metal-095232,Tm1 H2,True,225,cubic
mb-mp-is-metal-088168,Ba3 Al2 Ge2,True,71,orthorhombic
mb-mp-is-metal-085937,U2 Pt6,True,194,hexagonal
mb-mp-is-metal-094405,K12 Fe8 S16,True,62,orthorhombic
mb-mp-is-metal-083677,Tl16 Ge8 Te24,False,62,orthorhombic
mb-mp-is-metal-082029,Tm1 Cd1 Ag2,True,225,cubic
mb-mp-is-metal-082486,Rb4 Ag2 P2 S8,False,2,triclinic
mb-mp-is-metal-094061,Fe1 I2,True,164,trigonal
mb-mp-is-metal-091139,Nd2 Rh2,False,63,orthorhombic
mb-mp-is-metal-037276,Ca2 Ni8 O12,True,63,orthorhombic
mb-mp-is-metal-087152,Eu1 Ni1 Ge3,True,107,tetragonal
mb-mp-is-metal-090922,Ta2 Mo1 Os1,True,225,cubic
mb-mp-is-metal-014777,Zr2 Ir4,True,227,cubic
mb-mp-is-metal-091415,Ca1 Zn5,True,191,hexagonal
mb-mp-is-metal-092217,Pr2 Sb2 Pt2,True,186,hexagonal
mb-mp-is-metal-012112,Cr1 O3,False,38,orthorhombic
mb-mp-is-metal-070233,K2 Hg3 Ge2 S8,False,5,monoclinic
mb-mp-is-metal-087261,Rb8 Cd12 Se16,False,62,orthorhombic
mb-mp-is-metal-036195,Li6 Mn2 Ni4 O12,True,15,monoclinic
mb-mp-is-metal-010026,Li5 La3 Nb14 O42,True,12,monoclinic
mb-mp-is-metal-102905,Th2 Se2 O2,False,129,tetragonal
mb-mp-is-metal-049161,Mg3 As2,False,164,trigonal
mb-mp-is-metal-084841,Gd1 As1,True,225,cubic
mb-mp-is-metal-104234,K4 Ag4 O4,False,139,tetragonal
mb-mp-is-metal-087074,Sc1 Sb1 Pd1,False,216,cubic
mb-mp-is-metal-100154,K2 Th2 Cu2 S6,False,63,orthorhombic
mb-mp-is-metal-083869,Dy24 C12 I34,True,15,monoclinic
mb-mp-is-metal-059342,Be2 Te2,False,186,hexagonal
mb-mp-is-metal-034208,La1 Zn1 Au2,True,225,cubic
mb-mp-is-metal-049949,Cu69 Sb24 S78,True,1,triclinic
mb-mp-is-metal-056877,K2 Th1 Cu2 S4,False,12,monoclinic
mb-mp-is-metal-036062,Ni8 P4 O20,True,62,orthorhombic
mb-mp-is-metal-008376,Bi8 P8 O32,False,15,monoclinic
mb-mp-is-metal-038484,K4 Cu8 Bi4 S12,False,2,triclinic
mb-mp-is-metal-040664,K4 Bi16 Se26,False,11,monoclinic
mb-mp-is-metal-065154,Dy1 Sn1 Ru2,True,225,cubic
mb-mp-is-metal-081138,Pr1 Mg1 Ag2,True,225,cubic
mb-mp-is-metal-081706,Ca1 S1,False,225,cubic
mb-mp-is-metal-086951,K1 Ta1 O3,False,221,cubic
mb-mp-is-metal-071620,Ba8 Ga4 Bi4 Se20,False,62,orthorhombic
mb-mp-is-metal-093475,Pr1 Mn2 Si2,True,139,tetragonal
mb-mp-is-metal-094931,Zr6 Ni1 Cl15,True,229,cubic
mb-mp-is-metal-041879,La6 O9,False,12,monoclinic
mb-mp-is-metal-017322,La2 Mg2 Fe4 O12,True,31,orthorhombic
mb-mp-is-metal-054980,Ce9 Sm1 O20,True,2,triclinic
mb-mp-is-metal-097800,Tm4 Ga20 Os6,True,127,tetragonal
mb-mp-is-metal-057937,K4 V16 Ag44 O64,False,61,orthorhombic
mb-mp-is-metal-083057,Li1 Hf1 Pd2,True,225,cubic
mb-mp-is-metal-095960,Sc20 Bi12,True,62,orthorhombic
mb-mp-is-metal-055806,Be1 Cu1,True,221,cubic
mb-mp-is-metal-019050,Mg4 Sc3 Si8 O24,True,3,monoclinic
mb-mp-is-metal-039566,Zn1 Cd1 Se2,False,156,trigonal
mb-mp-is-metal-050754,La8 In10 S26,True,55,orthorhombic
mb-mp-is-metal-082156,Yb1 Dy1 Pd2,True,225,cubic
mb-mp-is-metal-094609,V8 Zn12 Te4 O40,False,14,monoclinic
mb-mp-is-metal-001097,Ag2 C2 N2 O2,False,11,monoclinic
mb-mp-is-metal-020708,Nd1 Ge2 Pt2,True,139,tetragonal
mb-mp-is-metal-069568,K6 Al6 B6 O21,False,5,monoclinic
mb-mp-is-metal-088931,Mo5 As4,True,87,tetragonal
mb-mp-is-metal-100156,Al2 Ag2 Se4,False,122,tetragonal
mb-mp-is-metal-081177,La1 Sb1,True,225,cubic
mb-mp-is-metal-039695,Ba1 Ta1 N1 O2,False,123,tetragonal
mb-mp-is-metal-094701,Si8 B24,False,74,orthorhombic
mb-mp-is-metal-002209,Li4 Al4 B16,True,55,orthorhombic
mb-mp-is-metal-100596,La3 Os2 O10,True,12,monoclinic
mb-mp-is-metal-066935,Yb16 Ge6 Sb10,True,139,tetragonal
mb-mp-is-metal-089408,Hf1 Tc1,True,221,cubic
mb-mp-is-metal-103541,La2 Cu2 S2 O2,False,129,tetragonal
mb-mp-is-metal-000196,Al2 Cu1,True,123,tetragonal
mb-mp-is-metal-081855,Be1 Ga1 Rh2,True,225,cubic
mb-mp-is-metal-079169,Cs2 Se1 Cl1 F6,True,225,cubic
mb-mp-is-metal-060762,Zr2 Fe8 Si4,True,136,tetragonal
mb-mp-is-metal-081115,Sc1 Cd1 Hg2,True,225,cubic
mb-mp-is-metal-080451,Ba4 Nd2 In2 Se10,False,36,orthorhombic
mb-mp-is-metal-083090,Li1 Ca2 Ga1,True,225,cubic
mb-mp-is-metal-039239,Ca2 Sn1,False,225,cubic
mb-mp-is-metal-073765,Rb4 Hg6 Ge4 S16,False,14,monoclinic
mb-mp-is-metal-098880,Er4 Ni4 Sn4,True,62,orthorhombic
mb-mp-is-metal-097280,Tb1 Ni5,True,191,hexagonal
mb-mp-is-metal-095325,Ho6 Ge10,True,43,orthorhombic
mb-mp-is-metal-015075,Li8 Cu8 S12,True,15,monoclinic
mb-mp-is-metal-058740,Na14 Co4 O12,True,15,monoclinic
mb-mp-is-metal-088938,Sn1 Te1,False,225,cubic
mb-mp-is-metal-060974,K12 Th8 Cu12 S28,False,63,orthorhombic
mb-mp-is-metal-042199,Pr12 Fe26 Si2,True,140,tetragonal
mb-mp-is-metal-085803,Na2 Se1,False,225,cubic
mb-mp-is-metal-104846,Cs4 V2 Ag2 S8,False,70,orthorhombic
mb-mp-is-metal-086936,Y1 Cu2 Si2,True,139,tetragonal
mb-mp-is-metal-080933,Ho1 In1 Au2,True,225,cubic
mb-mp-is-metal-036751,K4 Mn6 S8,True,13,monoclinic
mb-mp-is-metal-029103,Li5 Mn5 Sb2 O12,True,5,monoclinic
mb-mp-is-metal-065719,Th4 Cr4 B16,True,55,orthorhombic
mb-mp-is-metal-104397,Na2 Ti2 Sb2 O1,True,139,tetragonal
mb-mp-is-metal-065937,Dy4 Ni4 Ge8,True,71,orthorhombic
mb-mp-is-metal-089150,Li1 Ga1 Pt2,True,225,cubic
mb-mp-is-metal-035871,Mn3 Ge3 Pd3,True,189,hexagonal
mb-mp-is-metal-072348,Na8 Te4 S12,False,14,monoclinic
mb-mp-is-metal-077042,K8 Sn8 Au8 Se24,False,103,tetragonal
mb-mp-is-metal-069156,Ti2 Os1 Ru1,True,225,cubic
mb-mp-is-metal-001091,Ca3 Zr17 O37,True,160,trigonal
mb-mp-is-metal-041595,Y2 Cu6 Te6,False,148,trigonal
mb-mp-is-metal-084075,Ce1 Cd1 Au2,True,225,cubic
mb-mp-is-metal-084973,Sm4 Sn4 Pd4,True,62,orthorhombic
mb-mp-is-metal-040457,Tl4 Hg6 Te8,False,15,monoclinic
mb-mp-is-metal-088371,Tb2 Ga2,True,63,orthorhombic
mb-mp-is-metal-019773,Li4 Lu6 Ge6,True,63,orthorhombic
mb-mp-is-metal-053845,Sr2 Ce4 Se8,True,122,tetragonal
mb-mp-is-metal-105663,Li2 Al2 B28,False,74,orthorhombic
mb-mp-is-metal-082816,Na1 F1,False,225,cubic
mb-mp-is-metal-067858,Cd2 Br4,False,166,trigonal
mb-mp-is-metal-084258,Ba3 Th1 Se7,False,44,orthorhombic
mb-mp-is-metal-088016,Ca1 Co2 Ge2,True,139,tetragonal
mb-mp-is-metal-059772,W6 Cl18,True,148,trigonal
mb-mp-is-metal-102122,Zr2 Cd2,True,129,tetragonal
mb-mp-is-metal-041814,Sr2 Cu2 Bi2,True,194,hexagonal
mb-mp-is-metal-089274,Rb5 Li6 B11 O22,False,5,monoclinic
mb-mp-is-metal-053761,Y3 Al3 Pd3,True,189,hexagonal
mb-mp-is-metal-087721,Mn1 I2,False,164,trigonal
mb-mp-is-metal-096698,Rb4 Sn4 Hg6 S16,False,14,monoclinic
mb-mp-is-metal-104224,Y2 Al2 Ge2,True,63,orthorhombic
mb-mp-is-metal-082956,Dy1 Zn1 Rh2,True,225,cubic
mb-mp-is-metal-053114,Mn1 Sb3 P6 O24,True,146,trigonal
mb-mp-is-metal-105396,Cr8 Te16,True,164,trigonal
mb-mp-is-metal-068832,Nd8 Ge6 S24,False,161,trigonal
mb-mp-is-metal-099076,Sc1 Sb1 Rh2,True,225,cubic
mb-mp-is-metal-091741,Eu2 Cu2 Se2 O2,True,129,tetragonal
mb-mp-is-metal-070083,Mg5 Ti13 O30,True,6,monoclinic
mb-mp-is-metal-059421,Ba8 Ga8 Sn2 Se24,False,114,tetragonal
mb-mp-is-metal-057199,Tm1 Mg2 Sc1,True,225,cubic
mb-mp-is-metal-096674,Cu6 Pb1 O8,True,225,cubic
mb-mp-is-metal-082117,Tm2 Mg1 Tl1,True,225,cubic
mb-mp-is-metal-100923,Tm1 Co2 Si2,True,139,tetragonal
mb-mp-is-metal-036254,Ce2 Tl2 Zn2,True,194,hexagonal
mb-mp-is-metal-089082,Pr6 F18,False,165,trigonal
mb-mp-is-metal-088496,Ca6 Au8,True,148,trigonal
mb-mp-is-metal-091027,La12 Ni4 Br12,True,98,tetragonal
mb-mp-is-metal-011543,Mg1 Pt5,True,38,orthorhombic
mb-mp-is-metal-092291,Lu6 B2 C6,True,63,orthorhombic
mb-mp-is-metal-094296,Pr16 Se24,False,122,tetragonal
mb-mp-is-metal-072470,Na4 Y4 Te16 O40,False,133,tetragonal
mb-mp-is-metal-041843,Al1 Ni20 B14,True,225,cubic
mb-mp-is-metal-047460,Ba2 Al8 Se14,False,7,monoclinic
mb-mp-is-metal-081699,K1 Na2 Sb1,False,225,cubic
mb-mp-is-metal-094657,Ce1 Co2 As2,True,139,tetragonal
mb-mp-is-metal-083036,Nd2 Cd1 In1,True,225,cubic
mb-mp-is-metal-092322,Ca2 Ga6 Ni4,True,63,orthorhombic
mb-mp-is-metal-049145,Ce4 Sc4 O12,True,62,orthorhombic
mb-mp-is-metal-016756,K1 Cl1,False,221,cubic
mb-mp-is-metal-000419,Mg2 Co4 S8,False,74,orthorhombic
mb-mp-is-metal-034849,Ag2 Br2,False,11,monoclinic
mb-mp-is-metal-036841,Dy1 B6,True,221,cubic
mb-mp-is-metal-065685,Na6 As6 O18,False,2,triclinic
mb-mp-is-metal-101775,Ca1 I2,False,164,trigonal
mb-mp-is-metal-089877,Lu4 Al6 Co2,True,194,hexagonal
mb-mp-is-metal-084269,Dy4 Te3 S4,False,12,monoclinic
mb-mp-is-metal-051844,Sm16 S24,False,122,tetragonal
mb-mp-is-metal-016104,Sc8 P12 O48,True,14,monoclinic
mb-mp-is-metal-064988,Rb10 W36 O108,True,191,hexagonal
mb-mp-is-metal-015811,Cd1 Cl2,False,5,monoclinic
mb-mp-is-metal-001988,Cr2 Sb4,True,140,tetragonal
mb-mp-is-metal-070246,Ba2 Sn2 O6,False,74,orthorhombic
mb-mp-is-metal-053439,Na4 Cd4 As4 S12,False,14,monoclinic
mb-mp-is-metal-089958,Ru4 S8,False,205,cubic
mb-mp-is-metal-090203,Dy1 Bi1 Pd1,True,216,cubic
mb-mp-is-metal-022218,Yb2 Nd6,True,194,hexagonal
mb-mp-is-metal-081692,Dy2 Ir4,True,227,cubic
mb-mp-is-metal-096274,U2 Te1 N2,True,139,tetragonal
mb-mp-is-metal-102759,Tl16 O15 F17,True,8,monoclinic
mb-mp-is-metal-097237,Cd1 In2 Te4,False,82,tetragonal
mb-mp-is-metal-013626,Zn3 Cu1,True,65,orthorhombic
mb-mp-is-metal-088892,As8 Rh4,False,14,monoclinic
mb-mp-is-metal-065100,Ba28 Na16 Ca2 N12,True,176,hexagonal
mb-mp-is-metal-080474,Mg8 Ge4 Se16,False,62,orthorhombic
mb-mp-is-metal-083061,Li1 Tm2 Rh1,True,225,cubic
mb-mp-is-metal-031116,Li5 Cr2 Ni5 O12,True,5,monoclinic
mb-mp-is-metal-095870,Rb30 Hg32,True,88,tetragonal
mb-mp-is-metal-006875,Bi4 Te3 Se3,False,160,trigonal
mb-mp-is-metal-090718,Bi2 I2 O2,False,129,tetragonal
mb-mp-is-metal-103505,Na4 As4 S8,False,14,monoclinic
mb-mp-is-metal-068961,Cs6 Bi4 I18,False,194,hexagonal
mb-mp-is-metal-004067,Ba1 Fe2 S4,True,97,tetragonal
mb-mp-is-metal-068161,Sm2 Ag1 Ru1,True,225,cubic
mb-mp-is-metal-048842,Ca2 Gd4 S8,False,122,tetragonal
mb-mp-is-metal-104929,K4 Nb2 Cu2 S8,False,70,orthorhombic
mb-mp-is-metal-011945,Li12 Fe2 O10 F2,True,1,triclinic
mb-mp-is-metal-095707,Rb2 C16,True,70,orthorhombic
mb-mp-is-metal-087158,Hf4 Si2,True,140,tetragonal
mb-mp-is-metal-006460,Sc1 Ag1 O2,False,160,trigonal
mb-mp-is-metal-056913,Y2 Mo2 Cl2 O8,False,12,monoclinic
mb-mp-is-metal-063002,Mn30 Si52,False,122,tetragonal
mb-mp-is-metal-062319,Si2 Se4,False,72,orthorhombic
mb-mp-is-metal-088469,Dy2 C1,True,166,trigonal
mb-mp-is-metal-030739,Ba2 La4 Co2 S10,True,140,tetragonal
mb-mp-is-metal-083556,Hf8 Co16 P12,True,189,hexagonal
mb-mp-is-metal-062349,Tb6 Ge10,True,190,hexagonal
mb-mp-is-metal-005436,Ce2 B4 C4,True,131,tetragonal
mb-mp-is-metal-080205,Fe4 P4 S4,False,14,monoclinic
mb-mp-is-metal-080287,Na4 Mg1 Ge2 Se6,False,5,monoclinic
mb-mp-is-metal-001181,Ca2 Sn1 S4,False,12,monoclinic
mb-mp-is-metal-088177,Zr1 Ru3 C1,True,221,cubic
mb-mp-is-metal-077181,Ca4 Ni2 Ir2 O12,True,14,monoclinic
mb-mp-is-metal-008726,Te1 I4,False,12,monoclinic
mb-mp-is-metal-082843,Ho1 Mg1 Zn2,True,225,cubic
mb-mp-is-metal-085695,Sr1 S1,False,225,cubic
mb-mp-is-metal-089186,Sc3 B1 Pb1,True,221,cubic
mb-mp-is-metal-089925,Y2 Al20 Fe4,True,63,orthorhombic
mb-mp-is-metal-050185,Nd1 Zn2 Ag1,True,225,cubic
mb-mp-is-metal-098210,Co4 Te6 O16,False,15,monoclinic
mb-mp-is-metal-102366,Sm4 Tl2,True,194,hexagonal
mb-mp-is-metal-081826,Pr2 Hg1 Pb1,True,225,cubic
mb-mp-is-metal-062201,Tm2 Cd1 Hg1,True,225,cubic
mb-mp-is-metal-087588,Cr4 Cu2 S8,True,227,cubic
mb-mp-is-metal-101103,Sc1 Sb1 Ru2,True,225,cubic
mb-mp-is-metal-089868,Al18 Rh4,True,14,monoclinic
mb-mp-is-metal-083048,Li2 Yb1 Pb1,True,225,cubic
mb-mp-is-metal-089807,Pr8 Sb6,True,220,cubic
mb-mp-is-metal-096848,Eu2 Cu18 Sn8,True,140,tetragonal
mb-mp-is-metal-067308,Tb1 Te1,True,225,cubic
mb-mp-is-metal-004912,In2 Hg8 As5 Br7,True,164,trigonal
mb-mp-is-metal-009754,U4 Al2 Co4,True,127,tetragonal
mb-mp-is-metal-106085,Ba10 Sb6,True,193,hexagonal
mb-mp-is-metal-068203,Hf2 Tl1,True,139,tetragonal
mb-mp-is-metal-072336,Y6 Ga2 S12,False,36,orthorhombic
mb-mp-is-metal-086559,U3 Ga3 Ni3,True,189,hexagonal
mb-mp-is-metal-080909,Gd1 Cd2,True,191,hexagonal
mb-mp-is-metal-088828,Tm8 B16 C8,True,135,tetragonal
mb-mp-is-metal-080957,Hf48 Zn48 N16,True,227,cubic
mb-mp-is-metal-080164,Cs4 Ag20 Te12,False,136,tetragonal
mb-mp-is-metal-010256,Hg1 Pt3,True,221,cubic
mb-mp-is-metal-090179,Eu1 Mg2 Bi2,True,164,trigonal
mb-mp-is-metal-002800,Co2 Mo2 P4,True,194,hexagonal
mb-mp-is-metal-102126,Ca20 Ge32 B12 O102,False,32,orthorhombic
mb-mp-is-metal-090687,Hf1 C1,True,225,cubic
mb-mp-is-metal-100267,As2 Pd6 Pb4,True,36,orthorhombic
mb-mp-is-metal-082427,Hg3 Bi2 S2 Cl8,False,12,monoclinic
mb-mp-is-metal-101994,Y8 Re4 B24,True,55,orthorhombic
mb-mp-is-metal-098000,Cr1 Ir1 O4,True,65,orthorhombic
mb-mp-is-metal-045938,Nd3 Al1 C1,True,221,cubic
mb-mp-is-metal-018186,Na16 Nb2 O12,True,185,hexagonal
mb-mp-is-metal-085911,V6 Si2,True,223,cubic
mb-mp-is-metal-082906,Ho1 Zn1 Rh2,True,225,cubic
mb-mp-is-metal-089489,Zr1 S2,False,164,trigonal
mb-mp-is-metal-064437,Sr8 V4 Se12 O42,False,43,orthorhombic
mb-mp-is-metal-039243,Sm2 Pb2 Au2,True,194,hexagonal
mb-mp-is-metal-071649,Ba4 Y2 In2 Se10,False,36,orthorhombic
mb-mp-is-metal-059410,Eu4 Ho8 Se16,False,62,orthorhombic
mb-mp-is-metal-085957,Tb2 Ni2 Ge4,True,63,orthorhombic
mb-mp-is-metal-069792,Ag6 As2 O8,True,218,cubic
mb-mp-is-metal-095956,Ce3 In3 Ru2,True,12,monoclinic
mb-mp-is-metal-058391,K4 Ba4 Sb4 Se12,False,14,monoclinic
mb-mp-is-metal-077541,Ba8 Ga4 Bi4 S20,False,62,orthorhombic
mb-mp-is-metal-081109,Sr1 Li2 Sn1,True,225,cubic
mb-mp-is-metal-065256,Sb4 S4 I4,False,33,orthorhombic
mb-mp-is-metal-063688,Y6 Si6 Pd4,True,63,orthorhombic
mb-mp-is-metal-016355,Y2 Sn6,True,38,orthorhombic
mb-mp-is-metal-004059,Ce8 U2 O21,True,65,orthorhombic
mb-mp-is-metal-100063,Ti4 As4 Rh4,True,62,orthorhombic
mb-mp-is-metal-088397,Mg1 Tl1,True,221,cubic
mb-mp-is-metal-088697,K4 As4 Se8,False,9,monoclinic
mb-mp-is-metal-086669,Sr2 Cu1 Cl2 O2,True,139,tetragonal
mb-mp-is-metal-036664,Hg30 As16 Cl24,False,14,monoclinic
mb-mp-is-metal-087400,Eu1 Cd2 Sb2,True,164,trigonal
mb-mp-is-metal-093308,Gd4 Sc4 S12,False,62,orthorhombic
mb-mp-is-metal-023687,Dy2 O3,False,164,trigonal
mb-mp-is-metal-094797,Yb20 Au16,True,62,orthorhombic
mb-mp-is-metal-097562,Ca1 Si2 Pd2,True,139,tetragonal
mb-mp-is-metal-030767,Ag1 Pt3,True,221,cubic
mb-mp-is-metal-027772,Na12 Co2 Se8,True,186,hexagonal
mb-mp-is-metal-050559,Y6 Zn1 Si2 S14,False,143,trigonal
mb-mp-is-metal-089682,Pd4 S8,False,61,orthorhombic
mb-mp-is-metal-038692,Dy2 Cu6 Te6,False,148,trigonal
mb-mp-is-metal-085771,V1 Ni2,True,71,orthorhombic
mb-mp-is-metal-061785,Zr10 Sb6,True,193,hexagonal
mb-mp-is-metal-083261,Rb4 Cd2 I4 Br4,False,40,orthorhombic
mb-mp-is-metal-079425,Bi4 Te4 N4 O24,False,14,monoclinic
mb-mp-is-metal-010234,Ca1 Ti4 O8,True,8,monoclinic
mb-mp-is-metal-097253,Ce1 N1,True,225,cubic
mb-mp-is-metal-007842,Ba3 La3 Cu6 O14,True,47,orthorhombic
mb-mp-is-metal-083639,Ce2 H2 Se2,True,194,hexagonal
mb-mp-is-metal-056454,Ba12 Fe4 S16 Br4,False,62,orthorhombic
mb-mp-is-metal-037199,Sc2 Tl1 Tc1,True,225,cubic
mb-mp-is-metal-100427,Tb3 In3 Ir3,True,189,hexagonal
mb-mp-is-metal-082489,B2 H2 Pb4 O8,False,12,monoclinic
mb-mp-is-metal-067212,W1 Se2,False,187,hexagonal
mb-mp-is-metal-039522,Sb16 O24,False,19,orthorhombic
mb-mp-is-metal-100191,Ba8 Si40 Au6,True,223,cubic
mb-mp-is-metal-053642,Sn1 Te4 Pb3,False,123,tetragonal
mb-mp-is-metal-075519,La8 Zr4 S20,False,62,orthorhombic
mb-mp-is-metal-057784,Ho3 Ni19 B10,True,12,monoclinic
mb-mp-is-metal-056859,Sm1 Co3 B2,True,191,hexagonal
mb-mp-is-metal-097001,Yb1 Al2 Ga2,True,139,tetragonal
mb-mp-is-metal-076169,Pm1 Hg1 Au2,True,225,cubic
mb-mp-is-metal-002259,Cr1 Ni3,True,225,cubic
mb-mp-is-metal-089993,Na2 B30,True,74,orthorhombic
mb-mp-is-metal-036492,Ga8 Sn4 Ge4 S24,False,43,orthorhombic
mb-mp-is-metal-084856,Re4 Se8,False,2,triclinic
mb-mp-is-metal-032700,Y8 C12,True,220,cubic
mb-mp-is-metal-006969,Hg2 Pt2,True,123,tetragonal
mb-mp-is-metal-039756,Li3 Cu2 O4,True,5,monoclinic
mb-mp-is-metal-052377,Mg2 Sc2,True,51,orthorhombic
mb-mp-is-metal-004970,Zr12 Al4 Co2 H20,True,190,hexagonal
mb-mp-is-metal-092891,Cs8 Th4 P12 S36,False,2,triclinic
mb-mp-is-metal-053774,La4 Si4,True,62,orthorhombic
mb-mp-is-metal-088460,K4 Zn2 Te4,False,72,orthorhombic
mb-mp-is-metal-104463,Eu4 Dy8 Se16,True,62,orthorhombic
mb-mp-is-metal-092708,Hf1 Ga1 Co2,True,225,cubic
mb-mp-is-metal-005014,Ge1 I2,False,187,hexagonal
mb-mp-is-metal-001993,Bi2 Te2 Se1,False,166,trigonal
mb-mp-is-metal-083628,Tl2 In2 Te4,False,140,tetragonal
mb-mp-is-metal-096947,K24 Cd24 Te36,False,14,monoclinic
mb-mp-is-metal-088286,V2 P2,True,194,hexagonal
mb-mp-is-metal-089841,Ca1 Ge2 Rh2,True,139,tetragonal
mb-mp-is-metal-088959,Co4 P12,False,204,cubic
mb-mp-is-metal-027504,Cu3 P4 O14,True,2,triclinic
mb-mp-is-metal-095925,Gd2 Zn6 Ge3,True,189,hexagonal
mb-mp-is-metal-086132,Mn2 P2 Se6,True,148,trigonal
mb-mp-is-metal-094856,Zr8 In20 Ni4,True,136,tetragonal
mb-mp-is-metal-087189,Ba1 Se1,False,225,cubic
mb-mp-is-metal-052385,Nd6 In2,True,194,hexagonal
mb-mp-is-metal-104657,Cs2 Sm2 Hg2 Se6,False,63,orthorhombic
mb-mp-is-metal-025337,Y1 Ti4 Cu3 O12,True,204,cubic
mb-mp-is-metal-087973,Zr28 Sb16,True,14,monoclinic
mb-mp-is-metal-106005,Ho4 Ga16 Co3,True,123,tetragonal
mb-mp-is-metal-069797,Sc32 Te12,True,12,monoclinic
mb-mp-is-metal-004978,Cu8 O1,True,65,orthorhombic
mb-mp-is-metal-087005,Ga2 Cu2 Se4,False,122,tetragonal
mb-mp-is-metal-103702,Cs6 Nb4 As2 Se22,False,9,monoclinic
mb-mp-is-metal-068739,Cd4 P8,False,33,orthorhombic
mb-mp-is-metal-097519,Dy3 Ag3 Ge3,True,189,hexagonal
mb-mp-is-metal-067874,Y4 Mg16 Cu4,True,65,orthorhombic
mb-mp-is-metal-094000,U2 Mn1 N3,True,71,orthorhombic
mb-mp-is-metal-096732,Cs4 Sb4 S8,False,14,monoclinic
mb-mp-is-metal-048978,Sm16 Te24,False,122,tetragonal
mb-mp-is-metal-042791,Ni4 Ge2,True,194,hexagonal
mb-mp-is-metal-008259,La1 Mg3,True,221,cubic
mb-mp-is-metal-098781,Nd8 W4 C8,True,136,tetragonal
mb-mp-is-metal-051276,Li12 P4 S16,False,62,orthorhombic
mb-mp-is-metal-086736,Sc7 C1 I12,True,146,trigonal
mb-mp-is-metal-004949,Yb1 Ag1 O2,True,166,trigonal
mb-mp-is-metal-093748,K6 Sm2 As4 S16,False,15,monoclinic
mb-mp-is-metal-034547,Pt8 S8,False,84,tetragonal
mb-mp-is-metal-047163,Ga1 Bi25 O39,False,1,triclinic
mb-mp-is-metal-018711,B4 Rh8,True,62,orthorhombic
mb-mp-is-metal-000212,Li8 I8 O24,False,86,tetragonal
mb-mp-is-metal-011826,Sr2 O2,False,194,hexagonal
mb-mp-is-metal-092849,Ti2 B1 Rh6,True,225,cubic
mb-mp-is-metal-015378,Dy2 Sn6,True,38,orthorhombic
mb-mp-is-metal-008265,In3 Sb1,True,221,cubic
mb-mp-is-metal-051108,Li5 Fe2 Ni3 O10,True,2,triclinic
mb-mp-is-metal-030740,Cs1 Cl1,False,221,cubic
mb-mp-is-metal-104664,P8 Pd8 S8,False,60,orthorhombic
mb-mp-is-metal-087421,La1 In5 Ir1,True,123,tetragonal
mb-mp-is-metal-091957,Ce2 Co2 Ge2 H2,True,129,tetragonal
mb-mp-is-metal-057166,Cd2 P8,False,14,monoclinic
mb-mp-is-metal-103442,Tm1 Mn6 Ge6,True,191,hexagonal
mb-mp-is-metal-087595,Ba16 In16 S40,False,61,orthorhombic
mb-mp-is-metal-105323,Na1 Lu1 Pd6 O8,True,200,cubic
mb-mp-is-metal-083408,Ba6 In4 P8 O32,False,14,monoclinic
mb-mp-is-metal-059403,Pr4 Mo4 O16 F4,False,14,monoclinic
mb-mp-is-metal-063975,Ag18 Pb8 O24,True,14,monoclinic
mb-mp-is-metal-097424,Rb8 Na8 Ir4 O16,True,14,monoclinic
mb-mp-is-metal-087052,Sr2 Ti1 O4,False,139,tetragonal
mb-mp-is-metal-074439,Pb6 Se4 Br4 O12,False,15,monoclinic
mb-mp-is-metal-104928,Pr2 Te4,True,129,tetragonal
mb-mp-is-metal-052226,Ge2 Se4,False,122,tetragonal
mb-mp-is-metal-033940,Ce2 Pr2 O4,True,141,tetragonal
mb-mp-is-metal-103090,Ba6 In2 N1 F1,True,225,cubic
mb-mp-is-metal-087455,Ti6 Sn2 C4,True,194,hexagonal
mb-mp-is-metal-088578,Y3 Mg3 Al3,True,189,hexagonal
mb-mp-is-metal-058465,Tl2 Hg12 S8 Br10,False,87,tetragonal
mb-mp-is-metal-001218,Ti4 O8,False,63,orthorhombic
mb-mp-is-metal-063640,Cd1 Hg4 Se5,False,119,tetragonal
mb-mp-is-metal-009695,Li1 As1 Se2,False,123,tetragonal
mb-mp-is-metal-063934,Ba16 In16 Se40,False,61,orthorhombic
mb-mp-is-metal-092831,Rb2 Na1 V1 F6,True,225,cubic
mb-mp-is-metal-023174,Li1 Ga1 O2,False,166,trigonal
mb-mp-is-metal-006896,Cd3 Te3,False,152,trigonal
mb-mp-is-metal-077283,Li4 In4 S8,False,33,orthorhombic
mb-mp-is-metal-064176,Al2 P2,False,186,hexagonal
mb-mp-is-metal-081902,Pm1 Sn1 Rh2,True,225,cubic
mb-mp-is-metal-055795,La4 In2,True,194,hexagonal
mb-mp-is-metal-067899,Te4 Pd6,True,63,orthorhombic
mb-mp-is-metal-000961,Sr2 Mn2 Ge2,True,129,tetragonal
mb-mp-is-metal-023519,Yb4 Sb8 S16,False,62,orthorhombic
mb-mp-is-metal-008457,Nb4 O10,False,11,monoclinic
mb-mp-is-metal-059738,Ca4 Mn2 Al2 O10,True,46,orthorhombic
mb-mp-is-metal-050750,La3 Al12,True,139,tetragonal
mb-mp-is-metal-062204,Tm1 Sc1 Hg2,True,225,cubic
mb-mp-is-metal-102198,Lu1 Al2 Pd5,True,139,tetragonal
mb-mp-is-metal-062835,Sr4 Be4 B4 O14,False,188,hexagonal
mb-mp-is-metal-089162,Ge4 Os2,True,12,monoclinic
mb-mp-is-metal-000247,Al8 As8,False,205,cubic
mb-mp-is-metal-002454,Pr2 Bi4 O12,True,31,orthorhombic
mb-mp-is-metal-085869,Eu1 N1,True,225,cubic
mb-mp-is-metal-009844,Mn30 Ge12,True,185,hexagonal
mb-mp-is-metal-103333,Tb1 Co2 Ge2,True,139,tetragonal
mb-mp-is-metal-094234,Os4 S8,True,205,cubic
mb-mp-is-metal-083056,Li1 Cd2 Rh1,True,225,cubic
mb-mp-is-metal-102452,Dy2 P2 O8,False,141,tetragonal
mb-mp-is-metal-007255,Tc1 B1,True,187,hexagonal
mb-mp-is-metal-013214,Ho3 Hg1,True,221,cubic
mb-mp-is-metal-040200,K1 Ti2 F7,True,65,orthorhombic
mb-mp-is-metal-067392,Cd4 Cu4 Se8 O24,False,14,monoclinic
mb-mp-is-metal-023328,Tb1 Hg2,True,12,monoclinic
mb-mp-is-metal-002965,Si2 Re1,True,139,tetragonal
mb-mp-is-metal-087558,Eu2 Ag2 Sb2,True,194,hexagonal
mb-mp-is-metal-049982,Zn8 As8,False,61,orthorhombic
mb-mp-is-metal-066993,Cu75 Se78,True,6,monoclinic
mb-mp-is-metal-097850,Rb6 Nb4 As2 Se22,False,9,monoclinic
mb-mp-is-metal-004994,Eu1 Tl1,True,221,cubic
mb-mp-is-metal-081009,Li1 Pm2 Si1,True,225,cubic
mb-mp-is-metal-083870,In2 Si2 Te6,False,162,trigonal
mb-mp-is-metal-087409,Nd6 Ge10,True,43,orthorhombic
mb-mp-is-metal-063373,Li4 In4 Si2 S12,False,9,monoclinic
mb-mp-is-metal-021810,Fe6 Co6 As6,True,25,orthorhombic
mb-mp-is-metal-090064,Be1 S1,False,216,cubic
mb-mp-is-metal-003221,Ti4 Zn1 O8,True,8,monoclinic
mb-mp-is-metal-044518,Li8 Te4 Mo4 O24,False,14,monoclinic
mb-mp-is-metal-009708,Fe3 Si1,True,123,tetragonal
mb-mp-is-metal-086686,Nd1 Bi1,True,225,cubic
mb-mp-is-metal-087142,Sm2 Ir1 Pd1,True,225,cubic
mb-mp-is-metal-097605,Be44 Re2,True,227,cubic
mb-mp-is-metal-088020,Na2 Si4 Pd6,True,44,orthorhombic
mb-mp-is-metal-054795,Y1 Hg2,True,191,hexagonal
mb-mp-is-metal-080943,Nb1 Cu3 Se4,False,215,cubic
mb-mp-is-metal-055797,Yb4 In2 Pd4,True,127,tetragonal
mb-mp-is-metal-096539,Na4 Nb8 P4 S40,False,15,monoclinic
mb-mp-is-metal-064183,Nd1 Er1 Tl2,True,225,cubic
mb-mp-is-metal-089949,Si6 As6,False,12,monoclinic
mb-mp-is-metal-089566,Sc1 Cd1,True,221,cubic
mb-mp-is-metal-098248,Sb4 Os2,False,58,orthorhombic
mb-mp-is-metal-089493,Hg2 Rh1,True,123,tetragonal
mb-mp-is-metal-044470,Eu4 Bi8 Se16,False,62,orthorhombic
mb-mp-is-metal-089519,K3 Hg33,True,221,cubic
mb-mp-is-metal-105738,Li2 Pm1 Al1,True,225,cubic
mb-mp-is-metal-061050,Tl8 Os8 O27,True,115,tetragonal
mb-mp-is-metal-099959,Er8 Fe56 B4,True,136,tetragonal
mb-mp-is-metal-101872,Ho4 Pd4 Pb2,True,127,tetragonal
mb-mp-is-metal-068237,Zr3 Al3 Pt3,True,189,hexagonal
mb-mp-is-metal-088625,Sc2 Tl2 S4,False,194,hexagonal
mb-mp-is-metal-088646,Ho4 Zn4 Rh4,True,62,orthorhombic
mb-mp-is-metal-038793,Y16 S24,False,122,tetragonal
mb-mp-is-metal-051291,Tb2 W2 Cl2 O8,False,12,monoclinic
mb-mp-is-metal-091272,Mg3 As1 N1,False,221,cubic
mb-mp-is-metal-050793,Re1 Te2 Cl12,False,2,triclinic
mb-mp-is-metal-008224,V4 Zn1 O8,False,8,monoclinic
mb-mp-is-metal-091754,Th1 Si2 Ru2,True,139,tetragonal
mb-mp-is-metal-069180,Zn2 Cu4 Si2 S8,False,31,orthorhombic
mb-mp-is-metal-086170,Er2 Al2 Ge2,True,63,orthorhombic
mb-mp-is-metal-083819,K2 Cu8 As2 S8,False,4,monoclinic
mb-mp-is-metal-055183,Tm2 Zn1 Hg1,True,225,cubic
mb-mp-is-metal-056773,Ba20 Ge12,True,130,tetragonal
mb-mp-is-metal-040745,Ba4 Dy8 Cu4 O20,True,62,orthorhombic
mb-mp-is-metal-044744,V2 Ir2,True,123,tetragonal
mb-mp-is-metal-101451,As2 I6,False,148,trigonal
mb-mp-is-metal-074446,Na4 Sc4 Se8 O24,False,62,orthorhombic
mb-mp-is-metal-094202,Pr4 B16,True,127,tetragonal
mb-mp-is-metal-058756,Ga3 Pt2,True,164,trigonal
mb-mp-is-metal-027379,Cd4 F8,False,62,orthorhombic
mb-mp-is-metal-087968,Ce1 Al2 Zn2,True,139,tetragonal
mb-mp-is-metal-015814,Ti16 Ni8 H8,True,227,cubic
mb-mp-is-metal-061789,Cd32 As16 I24,False,205,cubic
mb-mp-is-metal-103457,Ca1 Au5,True,216,cubic
mb-mp-is-metal-086129,Li2 Eu1 Sn1,True,225,cubic
mb-mp-is-metal-098374,Tl8 Ga8 S16,False,15,monoclinic
mb-mp-is-metal-042796,Tl4 Cu4 Sn2 S8,False,72,orthorhombic
mb-mp-is-metal-089290,Rb8 Ge4 B16 O36,False,4,monoclinic
mb-mp-is-metal-068661,Eu1 Ti1 O3,True,221,cubic
mb-mp-is-metal-068194,K2 Cu6 S4,False,12,monoclinic
mb-mp-is-metal-033771,Eu4 Sc4 O12,True,62,orthorhombic
mb-mp-is-metal-084138,Ta1 W3,True,225,cubic
mb-mp-is-metal-097235,Sb4 Ru2,False,58,orthorhombic
mb-mp-is-metal-022738,Ce1 Ir5,True,191,hexagonal
mb-mp-is-metal-083325,Tl4 Hg6 Se8,False,15,monoclinic
mb-mp-is-metal-099858,Sr1 Cd1,True,221,cubic
mb-mp-is-metal-084754,Cd32 P16 Br24,False,205,cubic
mb-mp-is-metal-097687,Eu2 P1 Br1,True,166,trigonal
mb-mp-is-metal-101618,K2 Ta15 O32,False,148,trigonal
mb-mp-is-metal-012804,Bi4 B6 O18,True,176,hexagonal
mb-mp-is-metal-041487,V6 As4 O18,False,100,tetragonal
mb-mp-is-metal-071178,Hf2 V4 H8,True,88,tetragonal
mb-mp-is-metal-047236,Ti2 Ni1 Se4,True,12,monoclinic
mb-mp-is-metal-074583,Cs16 Ge20 Pb16 S64,False,64,orthorhombic
mb-mp-is-metal-080310,Eu2 Ga4 Se8,False,66,orthorhombic
mb-mp-is-metal-097325,Tm1 Tl1,True,221,cubic
mb-mp-is-metal-072645,Bi8 I16 O52,False,19,orthorhombic
mb-mp-is-metal-091033,Sr10 Cd4 Sb10 F2,True,63,orthorhombic
mb-mp-is-metal-083081,Al2 Co1 Ir1,True,225,cubic
mb-mp-is-metal-000148,Cu20 Si16 O56,True,61,orthorhombic
mb-mp-is-metal-055398,Ho2 Mg4,True,191,hexagonal
mb-mp-is-metal-007910,Ag2 I2,False,11,monoclinic
mb-mp-is-metal-086857,Sr2 Tl4,True,194,hexagonal
mb-mp-is-metal-054741,Gd6 S8,True,220,cubic
mb-mp-is-metal-032209,Na2 Li6,True,194,hexagonal
mb-mp-is-metal-087510,La1 Ga3 Pd2,True,191,hexagonal
mb-mp-is-metal-084156,Ti2 S6,False,11,monoclinic
mb-mp-is-metal-087607,Hg2 Cl2,False,139,tetragonal
